,event_date,event_state,event_city,event_name,event_location_name,event_address
0,2017-01-08,GA,Brookhaven,Marist College Admissions LeadersÂ’ Forum,Marist School,3790 Ashford Dunwoody Rd NE
1,2017-01-11,GA,Atlanta,Atlanta Girls School College Panel,Atlanta Girls School,3254 Northside Pkwy NW
2,2017-01-12,GA,Bogart,MOWR Parent Information Night,North Oconee High School,1081 Rocky Branch Rd
3,2017-01-15,GA,Athens,Colleges in Your Backyard,University of Georgia,Tate Student Center - Grand Hall\45 Baxter St.
4,2017-01-17,CA,Culver City,Culver City High School Case Study Panel & Mini College Fair,Culver City High School,4401 Elenda St
5,2017-01-19,CA,Calabasas,Calabasas High School Case Study & Mini College Fair,Calabasas High School,22855 Mulholland Hwy
6,2017-01-25,GA,Atlanta,REACH Day College & Career Fair,Georgia Railroad Freight Depot,65 Martin Luther King Jr Dr SE
7,2017-01-25,TX,Frisco,Frisco Independent School District College Fair,Reedy High School,3003 Stonebrook Pkwy
8,2017-01-26,GA,Athens,Cedar Shoals High School MOWR Parent/Student meeting,Cedar Shoals High School,1300 Cedar Shoals Dr
9,2017-01-26,GA,Athens,Clarke Central High School AP & MOWR Night,Clarke Central High School,350 S Milledge Ave
10,2017-01-27,MD,Bethesda,"""College Day on the Pike"" College Fair @ Stone Ridge School of the Sacred Heart",Stone Ridge Sch Sacred Heart,9101 Rockville Pike
11,2017-01-27,MD,Kensington,"""College Day on the Pike"" College Fair @ Academy of the Holy Cross",Academy Of The Holy Cross,4920 Strathmore Ave
12,2017-01-28,CA,Los Angeles,Hollywood High School Spring Semester College Fair,Hollywood High School,1521 N Highland Ave
13,2017-01-29,SC,Greenville,Christ Church Episcopal School Case Studies Program & Mini College Fair,Christ Church Episcopal School,567 Wenwood Rd
14,2017-01-30,GA,Atlanta,The Westminster Schools Deans Program,The Westminster Schools,1424 W Paces Ferry Rd NW
15,2017-02-01,TX,Lewisville,Lewisville High School College & Career Day Fair,Lewisville High School,1098 W Main St
16,2017-02-02,GA,Watkinsville,Oconee County High School MOWR Night,Oconee County High School,2721 Hog Mountain Rd
17,2017-02-02,TX,Arlington,Oakridge Fair,Oakridge School,5900 W Pioneer Pkwy
18,2017-02-02,TX,Fort Worth,All Saints Fair,All Saints Episcopal School,9700 Saints Cir
19,2017-02-02,TX,Fort Worth,Fort Worth Country Day School Fair,Fort Worth Country Day School,4200 Country Day Ln
20,2017-02-02,TX,Fort Worth,Trinity Valley School Fair,Trinity Valley School,7500 Dutch Branch Rd
21,2017-02-21,GA,Athens,Athens Academy College Panel,Athens Academy,PO Box 6548
22,2017-02-23,FL,Jacksonville,Jacksonville Preparatory Schools College Fair,"University of North Florida, University Center",12000 Alumni Dr
23,2017-02-25,CA,Torrance,Torrance Unified School District College Fair,South High School,4801 Pacific Coast Hwy
24,2017-02-25,FL,Tampa,NACAC - Tampa National College Fair,Florida State Fairgrounds Expo Hall,4800 N US Highway 301
25,2017-02-26,FL,Miami,NACAC - Miami National College Fair,DoubleTree by Hilton Miami Airport Convention Center,711 NW 72nd Ave
26,2017-02-27,GA,Savannah,Savannah Country Day School,Savannah Country Day School,824 Stillwood Dr
27,2017-03-01,TX,Arlington,Oakridge School Presentation on Selective Public Schools,Oakridge School,5900 W Pioneer Pkwy
28,2017-03-03,GA,Social Circle,Social Circle High School College & Career Fair,Social Circle High,154 Alcova Dr
29,2017-03-09,CA,Los Angeles,Los Angeles High School Fair,Los Angeles Senior High School,4650 W Olympic Blvd
30,2017-03-11,CA,La Verne,Lutheran High School College Fair,Lutheran High School,3960 Fruit St
31,2017-03-11,SC,Greenville,NACAC - Upstate South Carolina National College Fair,TD Convention Center,1 Exposition Dr
32,2017-03-12,NC,Charlotte,NACAC - Charlotte National College Fair,The Park Expo & Conference Center,800 Briar Creek Rd
33,2017-03-13,NC,Huntersville,Christ the King Catholic High School,Christ The King High School,2011 Crusader Way
34,2017-03-13,NC,Matthews,Covenant Day High School College Fair,Covenant Day School,800 Fullwood Rd
35,2017-03-14,NC,Raleigh,Grace Christian School,Grace Christian School,1101 Buck Jones Rd
36,2017-03-14,NC,Raleigh,NACAC - Raleigh National College Fair,Raleigh Convention Center,500 S Salisbury St
37,2017-03-14,NC,Raleigh,Sanderson High School Visit,Sanderson High School,5500 Dixon Dr
38,2017-03-14,NC,Raleigh,St. David's School,Saint David's School,3400 White Oak Rd
39,2017-03-15,GA,Atlanta,KIPP Atlanta HS Mini College Fair,Kipp Atlanta Collegiate,98 Anderson Ave NW
40,2017-03-16,GA,Columbus,Columbus High School College Fair,Columbus High School,1700 Cherokee Ave
41,2017-03-16,GA,Cumming,Keys to the Dawg House @ Forsyth Central High School,Forsyth Central High School,520 Tribble Gap Rd
42,2017-03-18,GA,Atlanta,Latino College & STEM Fair,Georgia Tech Student Center,350 Ferst Dr. NW
43,2017-03-19,GA,Atlanta,NACAC - Atlanta National College Fair,Georgia International Convention Center,2000 Convention Center Concourse
44,2017-03-20,GA,Atlanta,College Fair at Charles R. Drew Charter School,Charles R. Drew Charter School,300 E Lake Blvd SE
45,2017-03-20,GA,Fairburn,Creekside High School College Fair,Creekside High School,7405 Herndon Rd
46,2017-03-20,GA,Marietta,QUEST East College Fair @ Kell High School,Carlton J Kell High School,4770 Lee Waters Rd
47,2017-03-20,MD,Olney,Our Lady of Good Counsel High School College Fair,Our Lady Of Good Counsel HS,17301 Old Vic Blvd
48,2017-03-21,CA,Newport Beach,Corona del Mar High School RACC College Night,Corona Del Mar High School,2101 Eastbluff Dr
49,2017-03-21,GA,Kennesaw,QUEST West College Fair @ Kennesaw Mountain High School,Kennesaw Mountain High School,1898 Kennesaw Due West Rd NW
50,2017-03-23,CA,Santa Ana,Foothill High School RACC College Night,Foothill High School,19251 Dodge Ave
51,2017-03-25,GA,Atlanta,Atlanta Invitational Case Studies and College Fair,Holy Innocents Episcopal Sch,805 Mount Vernon Hwy
52,2017-03-27,CA,Newport Beach,Newport Harbor High School RACC Mini Fair,Newport Harbor High School,600 Irvine Ave
53,2017-03-27,CA,San Juan Capo,St. Margaret's Episcopal School Visit,Saint Margarets Episcopal Sch,31641 La Novia Ave
54,2017-03-29,TX,Dallas,Hillcrest High School,Hillcrest High School,9924 Hillcrest Rd
55,2017-03-29,TX,Plano,John Paul II High School Visit,John Paul Ii High School,900 Coit Rd
56,2017-03-29,VA,Fairfax,Northern Virginia Regional College Fair,George Mason University,4400 University Dr Stop 3A4
57,2017-03-30,GA,Stone Mtn,Stephenson High School College Fair,Stephenson High School,701 Stephenson Rd
58,2017-03-30,GA,Stone Mtn,Stephenson High School Pizza Yield Luncheon,Stephenson High School,701 Stephenson Rd
59,2017-03-30,TN,Chattanooga,Coast-to-Coast College Fair,Chattanooga Convention Center,1150 Carter Dr
60,2017-03-30,TX,Mesquite,Dallas Christian School Mini-Fair,Dallas Christian High School,1515 Republic Pkwy
61,2017-04-01,TN,Nashville,Nashville Case Studies and Mini College Fair,Harpeth Hall School,3801 Hobbs Rd
62,2017-04-01,TX,Dallas,College Previews College Fair,Hockaday School,11600 Welch Rd
63,2017-04-01,VA,Woodbridge,IB Mid-Atlantic College Fair,Gar-Field Senior High School,14000 Smoketown Rd
64,2017-04-04,DC,Washington,St. John's College High School College Fair,Saint Johns College HS,2607 Military Rd NW
65,2017-04-04,TX,Addison,Dallas Darn Private Swing - Trinity Christian Academy,Trinity Christian Academy,17001 Addison Rd
66,2017-04-04,TX,Dallas,Dallas Darn Private Swing - Bishop Lynch,Bishop Lynch High School,9750 Ferguson Rd
67,2017-04-04,TX,Dallas,Dallas Darn Private Swing - Ursuline Academy,Ursuline Academy,4900 Walnut Hill Ln
68,2017-04-05,MD,Gaithersburg,NACAC - Montgomery County National College Fair,Montgomery County Agricultural Center,501 Perry Pkwy
69,2017-04-05,TX,Hurst,Texas IB Schools College Fair,Hurst Conference Center,1601 Campus Dr
70,2017-04-09,GA,Athens,Athens Admitted Student Reception,Richard B. Russell Special Collections Library - Rm. 285,300 S Hull St
71,2017-04-11,GA,Atlanta,Atlanta Admitted Student Reception,Loudermilk Conference Center,40 Courtland St NE
72,2017-04-12,CA,Long Beach,Long Beach Polytechnic HS RACC Pres & Mini Fair,Long Beach Polytechnic HS,1600 Atlantic Ave
73,2017-04-12,GA,Lithonia,Arabia Mountain High School Pizza Yield Luncheon,Arabia Mountain High School,6610 Browns Mill Rd
74,2017-04-12,TX,Dallas,Highland Park College Kickoff 2017,Highland Park High School,4220 Emerson Ave
75,2017-04-13,CA,La Canada,La Canada HS RACC Case Study,La Canada High School,4463 Oak Grove Dr
76,2017-04-13,TX,Houston,NACAC - Houston National College Fair,NRG Park,1 Nrg Park
77,2017-04-17,TX,Irving,NACAC - Dallas/Fort Worth National College Fair,Irving Convention Center,500 Las Colinas Blvd W
78,2017-04-18,CA,Del Mar,SEC Spring College Tour,Hilton San Diego/Del Mar,15575 Jimmy Durante Blvd
79,2017-04-18,TX,San Antonio,Ronald Reagan High School Visit,Ronald Reagan High School,19000 Ronald Reagan
80,2017-04-18,TX,San Antonio,TACAC - San Antonio Regional College Fair,University of Texas San Antonio Campus Rec & Wellness Center,1 Utsa Cir
81,2017-04-18,TX,San Antonio,TMI Episcopal School of Texas Visit,Tmi Episcopal School Of Tx,20955 W Tejas Trl
82,2017-04-19,CA,Pasadena,SEC Spring College Tour,Hilton Pasadena,168 S Los Robles Ave
83,2017-04-19,TX,Austin,James Bowie High School Visit,James Bowie High School,4103 W Slaughter Ln
84,2017-04-19,TX,Austin,NACAC - Austin National College Fair,Palmer Events Center,900 Barton Springs Rd
85,2017-04-19,TX,Austin,Westwood High School Visit,Westwood High School,12400 Mellow Meadow Dr
86,2017-04-20,CA,Irvine,SEC Spring College Tour,Hilton Irvine/Orange County Airport,18800 Macarthur Blvd
87,2017-04-20,TX,Austin,Lake Travis High School Visit,Lake Travis High School,3324 Ranch Road 620 S
88,2017-04-23,CA,Anaheim,NACAC - Orange County National College Fair,Anaheim Convention Center,800 W Katella Ave
89,2017-04-24,CA,Del Mar,San Dieguito Union High School District College Night & Fair,Del Mar Fairgrounds - O'Brien Hall,2260 Jimmy Durante Blvd
90,2017-04-24,CA,Santa Ana,Mater Dei High School Visit,Mater Dei High School,1202 W Edinger Ave
91,2017-04-24,GA,Atlanta,Georgia Tech English Language Institute College Fair,O'Keefe Building,151 6th St NE
92,2017-04-25,CA,San Diego,NACAC - San Diego National College Fair,San Diego Convention Center,111 W Harbor Dr
93,2017-04-26,MD,N Bethesda,Washington Area Independent School College Fair,Georgetown Preparatory School,10900 Rockville Pike
94,2017-04-26,NJ,Secaucus,NACAC - New Jersey National College Fair,Meadowlands Exposition Center at Harmon Meadows,355 Plaza Dr
95,2017-04-26,TN,Memphis,NACAC - Memphis National College Fair,Memphis Cook Convention Center,255 N Main St
96,2017-04-26,TX,Colleyville,Covenant Christian Academy,Covenant Christian Academy,901 Cheek Sparger Rd
97,2017-04-26,TX,Grapevine,Grapevine Faith Christian School High School Visit,Faith Christian School,729 E Dallas Rd
98,2017-04-26,TX,Haltom City,Bethesda Christian School Visit,Bethesda Christian School,4700 N Beach St
99,2017-04-27,CA,Burlingame,Burlingame High School,Burlingame High School,1 Mangini Way
100,2017-04-27,CA,Los Gatos,Los Gatos HS Visit,Los Gatos High School,20 High School Ct
101,2017-04-27,CA,Redwood City,Sequoia HS Visit,Sequoia High School,1201 Brewster Ave
102,2017-04-27,CA,San Mateo,Campanile Visit,Campanile College Counseling,1777 Borel Pl Ste 205
103,2017-04-27,TX,Dallas,Highland Park High School Visit - Spring 17,Highland Park High School,4220 Emerson Ave
104,2017-04-27,VA,Richmond,Richmond Area Independent Schools College Fair,Collegiate School,103 N Mooreland Rd
105,2017-04-28,CA,San Jose,Leland HS Visit,Leland High School,6677 Camden Ave
106,2017-04-28,NJ,Blairstown,Blair Academy,Blair Academy,Director Of College Counseling\2 Park St
107,2017-04-28,NJ,Chatham,Chatham High School,Chatham High School,255 Lafayette Ave
108,2017-04-28,NJ,Morristown,Morristown High School,Morristown High School,50 Early St
109,2017-04-28,NJ,Westfield,Westfield High School,Westfield High School,550 Dorian Rd
110,2017-04-28,VA,Newport News,Tidewater Independents College Fair,Hampton Roads Academy,739 Academy Ln
111,2017-04-29,CA,Daly City,NACAC - San Francisco National College Fair,Cow Palace Arena,2600 Geneva Ave
112,2017-04-29,NC,Charlotte,Charlotte Area Case Studies Program,Charlotte Country Day School,1440 Carmel Rd
113,2017-04-30,NC,Davidson,Lake Norman Area Case Studies Program,Davidson Day School,750 Jetton St
114,2017-04-30,TN,Nashville,NACAC - Nashville National College Fair,Music City Center - Exhibit Hall D,201 5th Ave S
115,2017-05-02,CA,Santa Monica,New Roads School RACC Case Study,New Roads School,3131 Olympic Blvd
116,2017-05-04,CA,Los Angeles,PUC CALS Early College HS College Night,Puc California Acdmy Lib Study,Early College High School\7350 N Figueroa St
117,2017-05-04,TX,Flower Mound,Flower Mound High School College Forum,Flower Mound High School,3411 Peters Colony Rd
118,2017-05-05,GA,Stone Mtn,HS Visit Dekalb Early College,Dekalb Early College Academy,1701 Mountain Industrial Blvd
119,2017-05-05,TX,Allen,Allen High School Signing Day For Foundation Fellow,Allen High School,300 Rivercrest Blvd
120,2017-05-06,CA,Corona,Santiago HS Student-Parent Boot Camp,Santiago High School,1395 Foothill Pkwy
121,2017-05-07,MA,Boston,NACAC - Boston National College Fair,Boston Convention & Exhibition Center,415 Summer St
122,2017-05-08,MA,Brockton,Brockton High School College Fair,Brockton High School,470 Forest Ave
123,2017-05-10,MD,Germantown,College Fair with Congressman John K. Delaney (MD-6),Northwest High School,13501 Richter Farm Rd
124,2017-05-11,TX,Plano,Plano West HS Visit,Plano West Senior High School,5601 W Parker Rd
125,2017-05-15,TX,Plano,Plano Senior High School Visit Zero Hour,Plano Senior High School,2200 Independence Pkwy
126,2017-05-16,CA,La Canada,St. Francis High School Case Study,Saint Francis High School,200 Foothill Blvd
127,2017-05-16,GA,Lawrenceville,"Gwinnett School of Mathematics, Science and Technology College Fair","Gwinnett School of Mathematics, Science, and Technology",970 Mcelvaney Ln
128,2017-05-18,CA,Los Angeles,Thomas Jefferson High School RACC Pres & Mini Fair,Thomas Jefferson High School,1319 E 41st St
129,2017-05-24,CA,Irvine,Woodbridge HS RACC OOS Night,Woodbridge High School,2 Meadowbrook
130,2017-05-31,GA,Athens,Move On When Ready Information Session,University Of Georgia - Terrell Hall Presentation Hall,210 S Jackson St
131,2017-06-05,GA,Athens,Grady College of Journalism Summer Camp,Grady College of Journalism & Mass Communication,120 Hooper St
132,2017-06-08,CA,La Canada,St. Francis HS College Boot Camp,Saint Francis High School,200 Foothill Blvd
133,2017-06-08,GA,Athens,Animal Science in Action,Animal and Dairy Science Department,"Edgar L. Rhodes Center, Room 101"
134,2017-06-12,CA,Visalia,Visalia WACAC College Fair,Visalia Convention Center,303 E Acequia Ave
135,2017-06-14,GA,Athens,Presentation for Leadership Without Limits,J.W. Fanning Institute for Leadership Development,1240 S Lumpkin St
136,2017-06-14,TX,Fort Worth,DARN - College Search Series Nolan Catholic,Nolan Catholic High School,4501 Bridge St
137,2017-06-15,GA,Athens,Move On When Ready Information Session,University Of Georgia - Terrell Hall Presentation Hall,210 S Jackson St
138,2017-06-15,GA,Athens,Terry Business Academy Admissions Information Session,Terry College of Business at the University of Georgia,600 S. Lumpkin Street\214 Correll Hall
139,2017-06-16,GA,Atlanta,2017 Governor's Valedictorian Reception,Governor's Mansion,391 W Paces Ferry Rd NW
140,2017-06-20,TX,Mansfield,DARN College Search Series- Mansfield,Mansfield High School,3001 E Broad St
141,2017-06-21,GA,Athens,Accounting Residency Program Admissions Information Session,University of Georgia Special Collections Libraries,300 South Hull Street\Auditorium
142,2017-06-21,GA,Athens,College Bound,J.W. Fanning Institute for Leadership Development,1240 S Lumpkin St
143,2017-06-21,GA,Martinez,"Peach State Tour - Martinez, GA EXAMPLE",Augusta Preparatory Day School,285 Flowing Wells Rd
144,2017-06-21,TX,Flower Mound,DARN - College Search Series - Flower Mound,Flower Mound High School,3411 Peters Colony Rd
145,2017-06-23,GA,Athens,Discover Georgia (Test Event),University of Georgia,Terrell Hall\210 S Jackson St
146,2017-06-27,TX,Irving,DARN - College Search Series - Upward North,Uplift North Hills Preparatory,606 E Royal Ln
147,2017-06-28,GA,Atlanta,Connecting College & Careers to APS Core Course Fair (SMSEA),Benjamin E Mays High School,3450 Benjamin E Mays Dr SW
148,2017-06-28,TX,Plano,DARN - College Search Series - Prestonwood Christian,Prestonwood Christian Academy,6801 W Park Blvd
149,2017-06-29,CA,Tustin,Tustin HS Out-of-State Presentation,Tustin High School,1171 El Camino Real
150,2017-07-10,TX,Dallas,DARN - College Search Series - Bishop Lynch,Bishop Lynch High School,9750 Ferguson Rd
151,2017-07-13,GA,Athens,Young Scholars Program's Pre-collegiate Research Conference (College of Agricultural & Environmental Sciences),UGA Miller Learning Center Bldg 0081,48 Baxter St
152,2017-07-19,GA,Athens,Leadership Sin Limites,J.W. Fanning Institute for Leadership Development,1240 S Lumpkin St
153,2017-07-22,GA,Athens,Discover Georgia,University of Georgia,102 Tate Student Center
154,2017-08-01,TX,Fort Worth,DARN - College Search Series - Fossil Ridge,Fossil Ridge High School,4101 Thompson Rd
155,2017-08-12,GA,Atlanta,Grady High School College Kickoff,Henry W Grady High School,929 Charles Allen Dr NE
156,2017-08-15,GA,Bogart,North Oconee High School College Panel,North Oconee High School,1081 Rocky Branch Rd
157,2017-08-16,GA,Bogart,North Oconee High School,North Oconee High School,1081 Rocky Branch Rd
158,2017-08-16,GA,Watkinsville,Westminster Christian Academy,Westminster Christian Academy,PO Box 388
159,2017-08-17,GA,Athens,Athens Career Academy College Fair,Athens Community Career Academy,440 Dearing Ext Bldg 1
160,2017-08-18,GA,Bogart,Prince Avenue Christian School,Prince Avenue Christian School,2201 Ruth Jackson Rd
161,2017-08-18,GA,Griffin,Griffin High School,Griffin High School,1617 W Poplar St
162,2017-08-18,GA,Griffin,Spalding High School,Spalding High School,433 Wilson Rd
163,2017-08-18,GA,Jackson,Jackson High School,Jackson High School,717 S Harkness St
164,2017-08-18,GA,Watkinsville,Oconee County High School,Oconee County High School,2721 Hog Mountain Rd
165,2017-08-21,GA,Albany,"Peach State Tour - Albany, GA",Deerfield-Windsor School,2500 Nottingham Way
166,2017-08-21,GA,Martinez,"Peach State Tour - Augusta, GA",Augusta Preparatory Day School,285 Flowing Wells Rd
167,2017-08-21,GA,Peachtree Cty,"Peach State Tour - Peachtree City, GA",Mcintosh High School,201 Walt Banks Rd
168,2017-08-21,GA,Rome,Darlington School College Boot Camp,Darlington School,1014 Cave Spring Rd SW
169,2017-08-22,GA,Bogart,North Oconee High School College Panel,North Oconee High School,1081 Rocky Branch Rd
170,2017-08-22,GA,Fayetteville,Starr's Mill HS Visit,Starr's Mill High School,193 Panther Path
171,2017-08-22,GA,Fayetteville,Whitewater High School Visit,Whitewater High School,100 Wildcat Way
172,2017-08-22,GA,Gray,Jones County High School,Jones County High School,339 Cumslo Rd
173,2017-08-22,GA,Jeffersonvlle,Twiggs High School,Twiggs County Comprehensive Mi,375 Watson Dr
174,2017-08-22,GA,Macon,"Peach State Tour - Macon, GA",Stratford Academy,6010 Peake Rd
175,2017-08-22,GA,Morrow,Elite Scholars Academy,Elite Scholars Academy Charter,5968 Maddox Rd
176,2017-08-22,GA,Quitman,Brooks County High School,Brooks County High School,1081 Moultrie Hwy
177,2017-08-22,GA,Valdosta,"Peach State Tour - Valdosta, GA",Valdosta High School,3101 N Forrest St
178,2017-08-23,GA,Athens,Clarke Central High School,Clarke Central High School,350 S Milledge Ave
179,2017-08-23,GA,Athens,"Peach State Tour - Athens, GA (UGA Chapel)",University of Georgia,109 Herty Dr
180,2017-08-23,GA,Atlanta,Atlanta Classical Academy,Atlanta Classical Academy Charter School,3260 Northside Dr NW
181,2017-08-23,GA,Cairo,"Peach State Tour - Cairo, GA",Cairo High School,455 5th St SE
182,2017-08-23,GA,Lyons,Robert Toombs Christian,Robert Toombs Christian Acad,PO Box 227
183,2017-08-23,GA,Marietta,George Walton Comprehensive High School,George Walton Comprehensive High School,1590 Bill Murdock Rd
184,2017-08-23,GA,Marietta,The Walker School,Walker School,700 Cobb Pkwy N
185,2017-08-23,GA,Roswell,Blessed Trinity Catholic High School,Blessed Trinity Catholic High School,11320 Woodstock Rd
186,2017-08-23,GA,Vidalia,"Peach State Tour - Vidalia, GA",Vidalia High School,1001 North St W
187,2017-08-24,GA,Athens,Monsignor Donovan Catholic High School,Monsignor Donovan Catholic High School,590 Lavender Rd
188,2017-08-24,GA,Carrollton,Central High School,Central High School,113 Central High Rd
189,2017-08-24,GA,Carrollton,"Peach State Tour - Carrollton, GA",Carrollton High School,202 Trojan Dr
190,2017-08-24,GA,Louisville,"Peach State Tour - Louisville, GA",Thomas Jefferson Academy,2264 US Highway 1 N
191,2017-08-24,GA,Tifton,"Peach State Tour - Tifton, GA",Tift County High School,1 Blue Devil Way
192,2017-08-24,GA,Waynesboro,Burke County High School,Burke County High School,1057 Burke Veterans Pkwy
193,2017-08-25,CA,Anaheim,Fairmont Preparatory Academy Visit,Fairmont Preparatory Academy,2200 W Sequoia Ave
194,2017-08-25,CA,Santa Ana,Segerstrom High School RACC Pres & Mini Fair,Segerstrom High School,2301 W Macarthur Blvd
195,2017-08-25,GA,Atlanta,Brandon Hall School,Brandon Hall School,1701 Brandon Hall Dr
196,2017-08-25,GA,Atlanta,Holy Innocents Episcopal School,Holy Innocents Episcopal School,805 Mount Vernon Hwy
197,2017-08-25,GA,Atlanta,Mount Vernon Presbyterian School,Mount Vernon Presbyterian School,510 Mount Vernon Hwy NE
198,2017-08-25,GA,Lincolnton,Lincoln County High School,Lincoln County High School,200 Charles Ward Elam Dr
199,2017-08-25,GA,Monroe,George Walton Academy,George Walton Academy,1 Bulldog Dr
200,2017-08-25,GA,Monroe,Monroe Area High School Essay Writing Workshop,Monroe Area High School,300 Double Springs Church Rd SW
201,2017-08-25,GA,Thomson,Thomson High School,Thomson High School,PO Box 1077
202,2017-08-25,GA,Warrenton,Briarwood Academy,Briarwood Academy,4859 Thomson Hwy
203,2017-08-27,GA,Tiger,"Peach State Tour - Tiger, GA",Rabun County High School,230 Wildcat Hill Dr
204,2017-08-28,GA,Chickamauga,Gordon Lee High School,Gordon Lee Memorial High School,105 Lee Cir
205,2017-08-28,GA,Gainesville,"Peach State Tour - Gainesville, GA",Lakeview Academy,796 Lakeview Dr
206,2017-08-28,GA,La Fayette,"Peach State Tour - LaFayette, GA",LaFayette High School,100 Rambler Dr
207,2017-08-28,GA,Rabun Gap,Rabun Gap-Nacoochee School,Rabun Gap-Nacoochee School,339 Nacoochee Dr
208,2017-08-28,GA,Rossville,Ridgeland High School,Ridgeland High School,2478 Happy Valley Rd
209,2017-08-28,GA,Savannah,"Peach State Tour - Savannah, GA",Savannah Country Day School,824 Stillwood Dr
210,2017-08-28,GA,Tallulah Falls,Tallulah Falls School,Tallulah Falls School,201 Campus Dr
211,2017-08-28,GA,Tiger,Rabun County High School,Rabun County High School,230 Wildcat Hill Dr
212,2017-08-29,CA,Moorpark,Moorpark High School,Moorpark High School,4500 Tierra Rejada Rd
213,2017-08-29,CA,West Hills,Chaminade College Prep RACC Mini Fair,Chaminade College Preparatory,7500 Chaminade Ave
214,2017-08-29,CA,Woodland Hls,El Camino Real Charter HS RACC Pres & Mini Fair,El Camino Real Charter High Sc,5440 Valley Circle Blvd
215,2017-08-29,GA,Brunswick,"Peach State Tour - Brunswick, GA",Glynn Academy,1001 Mansfield St
216,2017-08-29,GA,Cartersville,"Peach State Tour - Cartersville/Rome, GA",Cartersville High School,320 E Church St
217,2017-08-29,GA,Cartersville,Woodland High School,Woodland High School,800 Old Alabama Rd SE
218,2017-08-29,GA,Ellijay,"Peach State Tour - Ellijay, GA",Gilmer High School,408 Bobcat Trl
219,2017-08-29,GA,Gainesville,Gainesville High School,Gainesville High School,830 Century Pl
220,2017-08-29,GA,Gainesville,Lakeview Academy,Lakeview Academy,796 Lakeview Dr
221,2017-08-29,GA,White,Cass High School,Cass High School,1000 Colonel Way NE
222,2017-08-30,GA,Athens,Cedar Shoals High School,Cedar Shoals High School,1300 Cedar Shoals Dr
223,2017-08-30,GA,Brunswick,Brunswick High School,Brunswick High School,3885 Altama Ave
224,2017-08-30,GA,Dalton,Christian Heritage School,Christian Heritage School,1600 Mlk Jr Blvd
225,2017-08-30,GA,Dalton,Coahulla Creek High School,Coahulla Creek High School,3361 Crow Rd NE
226,2017-08-30,GA,Tunnel Hill,Northwest Whitfield County High School,Northwest Whitfield County High School,1651 Tunnel Hill Varnell Rd
227,2017-08-30,GA,Waycross,"Peach State Tour - Waycross, GA",Ware County High School,700 Victory Dr
228,2017-08-31,GA,Ft Oglethorpe,Lakeview Fort Oglethorpe High School,Lakeview Fort Oglethorpe High School,1850 Battlefield Pkwy
229,2017-08-31,GA,Marietta,Marietta High School,Marietta High School,1171 Whitlock Ave SW
230,2017-08-31,GA,Ringgold,Heritage High School,Heritage High School,3960 Poplar Springs Rd
231,2017-08-31,GA,Ringgold,Ringgold High School,Ringgold High School,29 Tiger Trl
232,2017-08-31,TX,Aledo,Aledo High School DARN Mini Fair,Aledo High School,1000 Bailey Ranch Rd
233,2017-08-31,TX,Fort Worth,Nolan Catholic High School Visit,Nolan Catholic High School,4501 Bridge St
234,2017-09-01,CA,Agoura Hills,Agoura High School,Agoura High School,28545 Driver Ave
235,2017-09-01,CA,Sherman Oaks,Notre Dame High School,Notre Dame High School,13645 Riverside Dr
236,2017-09-01,CA,Westlake Vlg,Oaks Christian RACC Mini Fair,Oaks Christian High School,31749 La Tienda Rd
237,2017-09-01,GA,Dallas,Paulding County High School,Paulding County High School,1297 Villa Rica Hwy
238,2017-09-01,GA,Hiram,Hiram High School,Hiram High School,702 Ballentine Dr
239,2017-09-01,VA,Middleburg,Foxcroft Essay Workshop,Foxcroft School,PO Box 5555
240,2017-09-05,CA,Los Angeles,Milken Community High School,Milken Community High School,15800 Zeldins Way
241,2017-09-05,CA,Pacific Plsds,Palisades Charter High School,Palisades Charter High School,15777 Bowdoin St
242,2017-09-05,CA,Studio City,Harvard-Westlake School,Harvard-Westlake School,3700 Coldwater Canyon Ave
243,2017-09-05,GA,Brunswick,Glynn Academy,Glynn Academy,1001 Mansfield St
244,2017-09-05,GA,St Simons Is,Frederica Academy Senior College Night,Frederica Academy,200 Murray Way
245,2017-09-05,GA,Tucker,PROBE Dekalb North Fair at Tucker High School,Tucker High School,5036 Lavista Rd
246,2017-09-05,TX,Fort Worth,"UGA at ""A Southern Tour"" - Fossil Ridge",Fossil Ridge High School,4101 Thompson Rd
247,2017-09-05,TX,Richardson,Richardson High School Mini Fair - DARN,Richardson High School,1250 W Belt Line Rd
248,2017-09-06,CA,Glendale,Glendale High School Presentation & RACC Mini Fair,Glendale High School,1440 E Broadway
249,2017-09-06,GA,Athens,PROBE Athens Fair at The Classic Center,The Classic Center,300 N Thomas St
250,2017-09-06,GA,Atlanta,Henry W. Grady HS,Henry W Grady High School,929 Charles Allen Dr NE
251,2017-09-06,GA,Atlanta,North Atlanta High School,North Atlanta High School,4111 Northside Pkwy NW
252,2017-09-06,GA,Atlanta,"Peach State Tour - Atlanta, GA",Charles R Drew Charter School,300 E Lake Blvd SE
253,2017-09-06,GA,Savannah,Benedictine Military School,Benedictine Military School,6502 Seawright Dr
254,2017-09-06,GA,Savannah,Calvary Day School,Calvary Day School,4625 Waters Ave
255,2017-09-06,GA,Savannah,Islands High School,Islands High School,170 Whitemarsh Island Rd
256,2017-09-06,GA,Savannah,Saint Vincent's Academy,Saint Vincent's Academy,207 E Liberty St
257,2017-09-06,TX,Fort Worth,Fort Worth Country Day School Visit,Fort Worth Country Day School,4200 Country Day Ln
258,2017-09-06,TX,Fort Worth,Nolan Catholic High School Parent College Night,Nolan Catholic High School,4501 Bridge St
259,2017-09-06,TX,Fort Worth,Southwest Christian School Visit,Southwest Christian School,6901 Altamesa Blvd
260,2017-09-06,TX,Fort Worth,Trinity Valley School Visit,Trinity Valley School,7500 Dutch Branch Rd
261,2017-09-06,TX,Fort Worth,"UGA at ""A Southern Tour"" - All Saints Episcopal",All Saints Episcopal School,9700 Saints Cir
262,2017-09-06,VA,Richmond,Collegiate School,Collegiate School,103 N Mooreland Rd
263,2017-09-06,VA,Richmond,Saint Christophers,Saint Christophers School,711 Saint Christophers Rd
264,2017-09-06,VA,Richmond,St. Catherines,Saint Catherines School,6001 Grove Ave
265,2017-09-06,VA,Woodberry For,Woodberry Forest,Woodberry Forest School,148 Woodberry Station
266,2017-09-07,CA,Beverly Hills,Beverly Hills High School,Beverly Hills High School,241 S Moreno Dr
267,2017-09-07,CA,Pls Vrds Est,Palos Verdes HS RACC College Night,Palos Verdes High School,600 Cloyden Rd
268,2017-09-07,CA,Rllng Hls Est,Palos Verdes Peninsula HS RACC Mini Fair,Palos Verdes Peninsula HS,27118 Silver Spur Rd
269,2017-09-07,GA,Conyers,RCA Visit,Rockdale Career Academy,1064 Culpepper Dr SW
270,2017-09-07,GA,Conyers,Rockdale County/Magnet HS Visit,Rockdale County High School,1174 Bulldog Cir NE
271,2017-09-07,GA,Lithonia,Arabia Mountain High School,Arabia Mountain High School,6610 Browns Mill Rd
272,2017-09-07,GA,Lithonia,PROBE Rockdale/S. Dekalb Fair at Mall at Stonecrest,Stonecrest Mall,2929 Turner Hill Rd
273,2017-09-07,GA,Loganville,PROBE Walton County Fair at Meridian Park,Meridian Park,105 Generation Blvd
274,2017-09-07,GA,Norcross,"Peach State Tour - Norcross, GA",Greater Atlanta Christian School,1575 Indian Trail Rd
275,2017-09-07,GA,Savannah,Savannah & Low Country Private School College Fair,Savannah International Trade & Convention Center,1 International Dr
276,2017-09-07,GA,Stone Mtn,Stephenson High School,Stephenson High School,701 Stephenson Rd
277,2017-09-07,TX,Dallas,Shelton School Visit - DARN Mini Fair,Shelton School,15720 Hillcrest Rd
278,2017-09-07,TX,Dallas,Yavneh Academy Visit,Yavneh Academy Of Dallas,12324 Merit Dr
279,2017-09-07,TX,Mansfield,"UGA at ""A Southern Tour"" - Mansfield",Mansfield ISD Center for the Performing Arts,1110 W Debbie Ln
280,2017-09-07,TX,Plano,Plano West High School Visit,Plano West Senior High School,5601 W Parker Rd
281,2017-09-08,GA,Atlanta,North Atlanta High School College Fair,North Atlanta High School,4111 Northside Pkwy NW
282,2017-09-08,GA,Duluth,Duluth High School Visit,Duluth High School,3737 Brock Rd
283,2017-09-08,GA,Peachtree Cor,Wesleyan School,Wesleyan School,5405 Spalding Dr
284,2017-09-08,GA,Suwanee,4th Annual Collins Hill High School College Fair,Collins Hill High School,50 Taylor Rd
285,2017-09-08,GA,Suwanee,Peachtree Ridge High School Visit,Peachtree Ridge High School,1555 Old Peachtree Rd NW
286,2017-09-08,KY,Louisville,duPont Manual High School,Dupont Manual High School,120 W Lee St
287,2017-09-08,KY,Louisville,Kentucky Country Day High School,Kentucky Country Day School,4100 Springdale Rd
288,2017-09-08,KY,Louisville,Saint Xavier High School,Saint Xavier High School,1609 Poplar Level Rd
289,2017-09-08,TX,Dallas,Lake Highland High School Mini Fair - DARN,Lake Highlands High School,9449 Church Rd
290,2017-09-08,TX,Dallas,Lakehill Prep DARN Mini Fair,Lakehill Preparatory School,2720 Hillside Dr
291,2017-09-09,GA,Atlanta,KIPP-Lovett-Westminster College Day,Renaissance Atlanta Waverly Hotel & Conference Center,2452 Galleria Pkwy SE
292,2017-09-09,KY,Louisville,NACAC Louisville National College Fair,Bellarmine University,2001 Newburg Rd
293,2017-09-10,GA,College Park,Woodward Academy College Fair 2017,Woodward Academy,1662 Rugby Ave
294,2017-09-11,TX,Austin,Austin High School Visit,Stephen F Austin High School,1715 W Cesar Chavez St
295,2017-09-11,TX,Austin,James Bowie High School Visit,James Bowie High School,4103 W Slaughter Ln
296,2017-09-11,TX,Austin,Veritas Academy Visit,Veritas Academy,4220 Monterey Oaks Blvd
297,2017-09-11,TX,Austin,Westwood High School Visit,Westwood High School,12400 Mellow Meadow Dr
298,2017-09-11,TX,Dallas,Highland Park High School College Night,Highland Park High School,4220 Emerson Ave
299,2017-09-12,CA,Calabasas,Calabasas High School,Calabasas High School,22855 Mulholland Hwy
300,2017-09-12,CA,Thousand Oaks,La Reina High School,La Reina High School,106 W Janss Rd
301,2017-09-12,CA,Westlake Vlg,Westlake High School Visit,Westlake High School,100 N Lakeview Canyon Rd
302,2017-09-12,DC,Washington,Georgetown Visitation,Georgetown Visitation Prep School,1524 35th St NW
303,2017-09-12,DC,Washington,Gonzaga College HS,Gonzaga College High School,19 I St NW
304,2017-09-12,DC,Washington,St Johns College HS,Saint Johns College HS,2607 Military Rd NW
305,2017-09-12,NC,Concord,Cannon School,Cannon School,5801 Poplar Tent Rd
306,2017-09-12,NC,Huntersville,Lake Norman Charter School,Lake Norman Charter School,12701 Old Statesville Rd
307,2017-09-12,TN,Chattanooga,Baylor School College Fair,Baylor School,171 Baylor School Rd
308,2017-09-12,TX,Dallas,College Night for Dallas Catholic High Schools,Jesuit College Preparatory Sch,12345 Inwood Rd
309,2017-09-12,TX,Fort Worth,Paschal High School Visit,Robert L Paschal High School,3001 Forest Park Blvd
310,2017-09-12,TX,Richardson,JJ Pearce High School Visit,J J Pearce High School,1600 N Coit Rd
311,2017-09-13,CA,Simi Valley,Simi Valley USD College Fair,Simi Valley High School,5400 Cochran St
312,2017-09-13,MD,Bethesda,Stone Ridge,Stone Ridge Sch Sacred Heart,9101 Rockville Pike
313,2017-09-13,MD,Bethesda,Walt Whitman High School,Walt Whitman High School,7100 Whittier Blvd
314,2017-09-13,MD,Bethesda,Walter Johnson High School,Walter Johnson High School,6400 Rock Spring Dr
315,2017-09-13,MD,N Bethesda,Georgetown Preparatory School,Georgetown Preparatory School,10900 Rockville Pike
316,2017-09-13,NC,Asheville,Asheville High School,Asheville High School,419 Mcdowell St
317,2017-09-13,NC,Asheville,Carolina Day School,Carolina Day School,1345 Hendersonville Rd
318,2017-09-13,NC,Charlotte,Charlotte Catholic High School,Charlotte Catholic High School,7702 Pineville Matthews Rd
319,2017-09-13,TN,Chattanooga,McCallie,Mccallie School,500 Dodds Ave
320,2017-09-13,TN,Chattanooga,Notre Dame High School College Fair,Notre Dame High School,2701 Vermont Ave
321,2017-09-13,TN,Chattanooga,Silverdale Baptist Academy,Silverdale Baptist Academy,7236 Bonny Oaks Dr
322,2017-09-13,TX,Allen,TACRAO - Allen High School's 2017 College Night,Allen High School,300 Rivercrest Blvd
323,2017-09-13,TX,Lucas,Lovejoy High School College Fair,Lovejoy High School,2350 Estates Pkwy
324,2017-09-13,VA,Alexandria,Thomas Jefferson Sci/Tec,Thomas Jefferson HS Sci/Tec,6560 Braddock Rd
325,2017-09-14,CA,Dana Point,Dana Hills High School,Dana Hills High School,33333 Golden Lantern St
326,2017-09-14,CA,San Clemente,San Clemente High School,San Clemente High School,700 Avenida Pico
327,2017-09-14,GA,Atlanta,PROBE Atlanta City Fair at Atlanta Metro State College,Atlanta Metropolitan State College,1630 Metropolitan Pkwy SW
328,2017-09-14,GA,Augusta,2017 Central Savannah River Area (CSRA) College Night,James Brown Arena,601 7th St
329,2017-09-14,MD,North Potomac,Quince Orchard,Quince Orchard High School,15800 Quince Orchard Rd
330,2017-09-14,MD,Potomac,Bullis School,Bullis School,10601 Falls Rd
331,2017-09-14,MD,Potomac,Connelly School Holy Child,Connelly School Holy Child,9029 Bradley Blvd
332,2017-09-14,MD,Potomac,Winston Churchill,Winston Churchill High School,11300 Gainsborough Rd
333,2017-09-14,NC,Arden,Christ School,Christ School,500 Christ School Rd
334,2017-09-14,NC,Asheville,Asheville School,Asheville School,360 Asheville School Rd
335,2017-09-14,NC,Asheville,CACRAO - Asheville Area Fair,University of North Carolina Asheville,1 University Heights\Sherrill Center and Kimmel Arena
336,2017-09-14,NC,Asheville,TC Roberson High School,T C Roberson High School,250 Overlook Rd
337,2017-09-14,PA,Lansdale,,North Penn High School,1340 S Valley Forge Rd
338,2017-09-14,TX,Allen,Allen High School Visit,Allen High School,300 Rivercrest Blvd
339,2017-09-14,TX,Argyle,Liberty Christian School Visit,Liberty Christian School,1301 S US Highway 377
340,2017-09-14,TX,Coppell,TACRAO - Coppell High School College Fair,Coppell High School,185 W Parkway Blvd
341,2017-09-15,AL,Huntsville,Huntsville High School,Huntsville High School,2304 Billie Watkins St SW
342,2017-09-15,AL,Huntsville,Randolph School,Randolph School,4915 Garth Rd SE
343,2017-09-15,AL,Madison,Bob Jones High School,Bob Jones High School,650 Hughes Rd
344,2017-09-15,CA,La Canada,La Canada High School,La Canada High School,4463 Oak Grove Dr
345,2017-09-15,CA,La Canada,St. Francis High School,Saint Francis High School,200 Foothill Blvd
346,2017-09-15,CA,Pasadena,Westridge High School,Westridge School For Girls,324 Madeline Dr
347,2017-09-15,CA,S Pasadena,South Pasadena High School,South Pasadena High School,1401 Fremont Ave
348,2017-09-15,TX,Addison,Trinity Christian Academy College Day Program,Trinity Christian Academy,17001 Addison Rd
349,2017-09-15,TX,Fort Worth,Fort Worth College Day 2017,Fort Worth Country Day School,4200 Country Day Ln
350,2017-09-16,CA,Burbank,Burbank Unified School District College & Career Fair,John Burroughs High School,1920 W Clark Ave
351,2017-09-17,AL,Birmingham,NACAC Birmingham National College Fair,Birmingham-Jefferson Convention Complex,2100 Richard Arrington Jr Blvd N
352,2017-09-17,NC,Raleigh,CACRAO - Wake County Schools@NC State University,North Carolina State University,1101 Gorman Street\McKimmon Center
353,2017-09-18,AL,Birmingham,Altamont School,Altamont School,4801 Altamont Rd S
354,2017-09-18,AL,Hoover,Hoover High School,Hoover High School,1000 Buccaneer Dr
355,2017-09-18,AL,Mountain Brk,Mountain Brook High School,Mountain Brook High School,3650 Bethune Dr
356,2017-09-18,GA,Alpharetta,Alpharetta High School,Alpharetta High School,3595 Webb Bridge Rd
357,2017-09-18,GA,Chamblee,Chamblee Charter High School,Chamblee High School,3688 Chamblee Dunwoody Rd
358,2017-09-18,GA,Cordele,Crisp County High School,Crisp County High School,2402 Cougar Aly
359,2017-09-18,GA,Hawkinsville,Hawkinsville High School,Hawkinsville High School,24 Red Devil Dr
360,2017-09-18,GA,Milton,Milton High School,Milton High School,13025 Birmingham Hwy
361,2017-09-18,GA,Pinehurst,Fullington Academy,Fullington Academy,PO Box B
362,2017-09-18,GA,Roswell,Roswell High School,Roswell High School,11595 King Rd
363,2017-09-18,GA,Vienna,Dooly County High School,Dooly County High School,715 N 3rd St
364,2017-09-18,LA,Metairie,Metairie Park Country Day School,Metairie Park Country Day Sch,300 Park Rd
365,2017-09-18,LA,New Orleans,Academy of the Sacred Heart High School Visit,Academy Of The Sacred Heart,4521 Saint Charles Ave
366,2017-09-18,LA,New Orleans,Ben Franklin High School College Fair,Benjamin Franklin High School,2001 Leon C Simon Dr
367,2017-09-18,LA,New Orleans,Isidore Newman School,Isidore Newman School,1903 Jefferson Ave
368,2017-09-18,LA,New Orleans,St. Mary's Dominican High School,Saint Marys Dominican High Sch,7701 Walmsley Ave
369,2017-09-18,NC,Raleigh,Needham Broughton,Needham B Broughton HS,723 Saint Marys St
370,2017-09-18,NC,Raleigh,Raleigh Charter High School,Raleigh Charter High School,1307 Glenwood Ave
371,2017-09-18,NC,Raleigh,Saint Mary's School,Saint Marys School,900 Hillsborough St
372,2017-09-18,NC,Raleigh,St. David's School,Saint David's School,3400 White Oak Rd
373,2017-09-18,PA,Horsham,,Hatboro-Horsham High School,899 Horsham Rd
374,2017-09-18,SC,Greenville,CACRAO - Greenville County Consolidated Fair,TD Convention Center,1 Exposition Dr
375,2017-09-18,SC,Greenville,CACRAO - Greenville County Consolidated Morning Fair,TD Convention Center,1 Exposition Dr
376,2017-09-18,SC,Greenville,Christ Church Episcopal School,Christ Church Episcopal School,567 Wenwood Rd
377,2017-09-18,SC,Greenville,Wade Hampton High School,Wade Hampton High School,100 Pine Knoll Dr
378,2017-09-18,TX,Austin,Lake Travis High School Visit,Lake Travis High School,3324 Ranch Road 620 S
379,2017-09-18,TX,Austin,Saint Michaels Academy Visit,Saint Michaels Catholic Acad,3000 Barton Creek Blvd
380,2017-09-18,TX,Austin,Vandergrift High School Visit,Vandegrift High School,9500 Mcneil Dr
381,2017-09-18,TX,Austin,Westlake High School Visit,Westlake High School,4100 Westbank Dr
382,2017-09-18,TX,Fort Worth,2017 Citywide College Night - Fort Worth Independent School District,Amon G Carter Exhibits Building,3400 Burnett Tandy Dr
383,2017-09-18,TX,Round Rock,Round Rock High School Visit,Round Rock High School,300 N Lake Creek Dr
384,2017-09-18,VA,Alexandria,Bishop Ireton High School,Bishop Ireton High School,201 Cambridge Rd
385,2017-09-18,VA,Alexandria,Episcopal High School,Episcopal High School,1200 N Quaker Ln
386,2017-09-18,VA,Alexandria,West Potomac High School,West Potomac High School,6500 Quander Rd
387,2017-09-19,AL,Birmingham,Spain Park High School,Spain Park High School,4700 Jaguar Dr
388,2017-09-19,AL,Indian Spgs,Indian Springs School,Indian Springs School,190 Woodward Dr
389,2017-09-19,AL,Vestavia,Vestavia Hills High School,Vestavia Hills High School,2235 Lime Rock Rd
390,2017-09-19,CA,Manhattan Bch,Mira Costa High School,Mira Costa High School,1401 Artesia Blvd
391,2017-09-19,CA,Newport Beach,Corona del Mar High School,Corona Del Mar High School,2101 Eastbluff Dr
392,2017-09-19,GA,Alpharetta,Saint Francis High School,Saint Francis High School,13440 Cogburn Rd
393,2017-09-19,GA,Americus,Southland Academy,Southland Academy,PO Box 1127
394,2017-09-19,GA,Atlanta,Lovett School,Lovett School,4075 Paces Ferry Rd NW
395,2017-09-19,GA,Atlanta,Pace Academy,Pace Academy,966 W Paces Ferry Rd NW
396,2017-09-19,GA,Douglasville,PROBE Douglas County Fair at Arbor Place Mall,Arbor Place,6700 Douglas Blvd
397,2017-09-19,GA,Ellaville,Schley County High School,Schley County High School,PO Box 1350
398,2017-09-19,GA,Montezuma,Macon County High School,Macon County High School,611 Vienna Rd
399,2017-09-19,LA,Kenner,NACAC New Orleans National College Fair,Pontchartrain Convention & Civic Center,4545 Williams Blvd
400,2017-09-19,LA,Metairie,St. Martin's Episcopal School,Saint Martins Episcopal School,225 Green Acres Rd
401,2017-09-19,MD,Bethesda,Bethesda Chevy Chase,Bethesda Chevy Chase HS,4301 East West Hwy
402,2017-09-19,NC,Chapel Hill,CACRAO - Chapel Hill: Orange County Schools,Dean E. Smith Center,300 Skipper Bowles Dr
403,2017-09-19,NC,Chapel Hill,East Chapel Hill High School,East Chapel Hill High School,500 Weaver Dairy Rd
404,2017-09-19,NC,Durham,Durham Academy,Durham Academy Upper School,3601 Ridge Rd
405,2017-09-19,NC,Raleigh,Cardinal Gibbons High School,Cardinal Gibbons High School,1401 Edwards Mill Rd
406,2017-09-19,NC,Raleigh,GRACE Christian School,Grace Christian School,1101 Buck Jones Rd
407,2017-09-19,SC,Greenville,CACRAO - Greenville County Consolidated Morning Fair,TD Convention Center,1 Exposition Dr
408,2017-09-19,SC,Greenville,James L. Mann High School,James L Mann High School,160 Fairforest Way
409,2017-09-19,SC,Mauldin,Mauldin High School,Mauldin High School,701 E Butler Rd
410,2017-09-19,TN,Chattanooga,McCallie/GPS 2017 College Night,Mccallie School,500 Dodds Ave
411,2017-09-19,TN,Nashville,Ensworth High School Mini College Fair,Ensworth High School,7401 Highway 100
412,2017-09-19,TN,Nashville,Montgomery Bell College Fair,Montgomery Bell Academy,4001 Harding Rd
413,2017-09-19,TN,Nashville,St. Cecilia Academy College Fair,St. Cecilia Academy,4210 Harding Pike
414,2017-09-19,TX,Dallas,Hockaday School Visit,Hockaday School,11600 Welch Rd
415,2017-09-19,TX,Dallas,Saint Marks School Visit,Saint Marks School Of Texas,10600 Preston Rd
416,2017-09-19,TX,Dallas,Ursuline Academy Visit,Ursuline Academy,4900 Walnut Hill Ln
417,2017-09-19,TX,Garland,Garland ISD 2017 College Night,Curtis Culwell Center,4999 Naaman Forest Blvd
418,2017-09-19,TX,Westlake,Westlake Academy Visit,Westlake Academy,2600 J T Ottinger Rd
419,2017-09-20,CA,Calabasas,Viewpoint School,Viewpoint School,23620 Mulholland Hwy
420,2017-09-20,CA,Granada Hills,Granada Hills Charter High School,Granada Hills Charter High Sch,10535 Zelzah Ave
421,2017-09-20,CA,N Hollywood,Oakwood School,Oakwood School,11600 Magnolia Blvd
422,2017-09-20,CA,Van Nuys,iLEAD North Hollywood,iLEAD Hybrid - North Hollywood (NoHo),14701 Friar St
423,2017-09-20,GA,Buena Vista,Marion County High School,Marion County High School,1 Eagle Dr
424,2017-09-20,GA,Columbus,Brookstone School,Brookstone School,440 Bradley Park Dr
425,2017-09-20,GA,Columbus,Columbus High School,Columbus High School,1700 Cherokee Ave
426,2017-09-20,LA,Baton Rouge,Catholic High School Visit,Catholic High School,855 Hearthstone Dr
427,2017-09-20,LA,Baton Rouge,NACAC Baton Rouge National College Fair,Raising Cane's River Center,275 River Rd S
428,2017-09-20,LA,Baton Rouge,St. Josephs Academy,Saint Josephs Academy,3015 Broussard St
429,2017-09-20,NC,Cary,Green Hope High School,Green Hope High School,2500 Carpenter Upchurch Rd
430,2017-09-20,NC,Cary,Panther Creek High School,Panther Creek HS,6770 Mccrimmon Pkwy
431,2017-09-20,NC,Winston Salem,RJ Reynolds High School,R J Reynolds High School,301 N Hawthorne Rd
432,2017-09-20,SC,Columbia,A C Flora High School,A C Flora High School,1 Falcon Dr
433,2017-09-20,SC,Columbia,Cardinal Newman High School,Cardinal Newman High School,4701 Forest Dr
434,2017-09-20,SC,Columbia,Hammond School,Hammond School,854 Galway Ln
435,2017-09-20,SC,Columbia,Heathwood Hall Episcopal School,Heathwood Hall Episcopal Sch,3000 S Beltline Blvd
436,2017-09-20,TN,Brentwood,Brentwood High School,Brentwood High School,5304 Murray Ln
437,2017-09-20,TN,Franklin,Williamson County College Fair 2017,Cool Springs Galleria,1800 Galleria Blvd
438,2017-09-20,TN,Nashville,Father Ryan High School College Fair,Father Ryan High School,700 Norwood Dr
439,2017-09-20,TN,Nashville,Harpeth Hall School Mini College Fair,The Harpeth Hall School,3801 Hobbs Rd
440,2017-09-20,TX,Dallas,Dallas ISD College & Career Fair@Ellis Davis Fieldhouse,Ellis Davis Fieldhouse,9191 S Polk St
441,2017-09-20,TX,Irving,Cistercian Preparatory School Visit,Cistercian Preparatory School,3660 Cistercian Rd
442,2017-09-20,TX,Plano,Plano ISD Academy High School Visit,Plano Isd Academy High School,1701 Alma Dr
443,2017-09-20,TX,Southlake,Carroll Senior High School Visit,Carroll Senior High School,1501 W Southlake Blvd
444,2017-09-20,VA,Richmond,Maggie L. Walker Governor's School,Maggie L Walker Governors Schl,1000 N Lombardy St
445,2017-09-20,VA,Richmond,Mills E Godwin,Mills E Godwin High School,2101 Pump Rd
446,2017-09-21,CA,Los Alamitos,Los Alamitos High School,Los Alamitos High School,3591 Cerritos Ave
447,2017-09-21,CA,Pls Vrds Pnsl,Chadwick School,Chadwick School,26800 Academy Dr
448,2017-09-21,CA,Torrance,Bishop Montgomery High School,Bishop Montgomery High School,5430 Torrance Blvd
449,2017-09-21,GA,Duluth,Northview High School,Northview High School,10625 Parsons Rd
450,2017-09-21,GA,Fort Valley,Peach County High School,Peach County High School,900 Campus Dr
451,2017-09-21,GA,Jefferson,Jefferson High School,Jefferson High School,575 Washington St
452,2017-09-21,GA,Johns Creek,Johns Creek High School,Johns Creek High School,5575 State Bridge Rd
453,2017-09-21,GA,Loganville,Grayson High School College Fair,Grayson High School,50 Hope Hollow Rd
454,2017-09-21,GA,Milton,Cambridge High School,Cambridge High School,2845 Bethany Bnd
455,2017-09-21,GA,Perry,The Westfield School,Westfield School,2005 US-41
456,2017-09-21,LA,Baton Rouge,Dunham School Visit,Dunham School,11111 Roy Emerson Dr
457,2017-09-21,LA,Baton Rouge,Episcopal School,Episcopal High School,3200 Woodland Ridge Blvd
458,2017-09-21,LA,Baton Rouge,Parkview Baptist High School,Parkview Baptist High School,5750 Parkview Church Rd
459,2017-09-21,LA,Baton Rouge,University Laboratory School,University Laboratory School,Louisiana State University\45 Dalrymple Dr
460,2017-09-21,LA,New Orleans,Jesuit High School New Orleans College Fair,Jesuit High School,4133 Banks St
461,2017-09-21,MD,Bethesda,Holton Arms,Holton Arms School,7303 River Rd
462,2017-09-21,TN,Brentwood,Brentwood Academy,Brentwood Academy,219 Granny White Pike
463,2017-09-21,TN,Franklin,Battle Ground Academy,Battle Ground Academy,336 Ernest Rice Ln
464,2017-09-21,TN,Franklin,Franklin High School,Franklin High School,810 Hillsboro Rd
465,2017-09-21,TX,Dallas,Bishop Lynch School Visit,Bishop Lynch High School,9750 Ferguson Rd
466,2017-09-21,TX,Dallas,Highland Park High School Visit,Highland Park High School,4220 Emerson Ave
467,2017-09-21,TX,Mckinney,McKinney ISD College Night 2017,Mckinney Boyd High School,600 N Lake Forest Dr
468,2017-09-22,CA,Los Angeles,Wildwood School,Wildwood School,11811 W Olympic Blvd
469,2017-09-22,CA,Santa Monica,New Roads School,New Roads School,3131 Olympic Blvd
470,2017-09-22,GA,Sandy Springs,North Springs Charter,North Springs Charter HS,7447 Roswell Rd
471,2017-09-22,LA,Covington,Northlake Christian School,Northlake Christian School,70104 Wolverine Dr
472,2017-09-22,LA,Mandeville,Fontainebleau High School,Fontainebleau High School,100 Bulldog Dr
473,2017-09-22,LA,Mandeville,Mandeville High School,Mandeville High School,1 Skipper Dr
474,2017-09-24,VA,Ashburn,VACRAO - Loudoun County College Fair 2017,Stone Bridge High School,43100 Hay Rd
475,2017-09-25,CA,Fullerton,Troy High School Annual College & University Night,Troy High School,2200 Dorothy Ln
476,2017-09-25,CA,Orange,Orange Lutheran High School RACC Mini Fair,Lutheran High Schl Orange Cnty,2222 N Santiago Blvd
477,2017-09-25,GA,Albany,Deerfield-Windsor High School,Deerfield-Windsor School,2500 Nottingham Way
478,2017-09-25,GA,Albany,Sherwood Christian Academy,Sherwood Christian Academy,1418 Old Pretoria Rd
479,2017-09-25,GA,Athens,Move On When Ready Information Session,University Of Georgia - Terrell Hall Presentation Hall,210 S Jackson St
480,2017-09-25,GA,Atlanta,NACAC Atlanta Performing and Visual Arts College Fair,Cobb Energy Performing Arts Centre,2800 Cobb Galleria Pkwy
481,2017-09-25,GA,Decatur,Southwest Dekalb High School  (Lunch and Learn),Southwest Dekalb High School,2863 Kelley Chapel Rd
482,2017-09-25,GA,Leesburg,Lee County High School,Lee County High School,1 Trojan Way
483,2017-09-25,GA,Lithonia,"Martin Luther King Jr, High School",Martin Luther King Jr High Sch,3991 Snapfinger Rd
484,2017-09-25,TN,Memphis,Christian Brothers High School,Christian Brothers High School,5900 Walnut Grove Rd
485,2017-09-25,TN,Memphis,MACN - Memphis Area College Night,Agricenter International RV Park,7777 Walnut Grove Rd
486,2017-09-25,TN,Memphis,Memphis University School,Memphis University School,6191 Park Ave
487,2017-09-25,TN,Memphis,White Station High School,White Station High School,514 S Perkins Rd
488,2017-09-25,TX,Austin,LC Anderson High School Visit,L C Anderson High School,8403 Mesa Dr
489,2017-09-25,TX,Austin,Mccallum High School Visit,A N Mccallum High School,5600 Sunshine Dr
490,2017-09-25,TX,Austin,Saint Stephens Episcopal School,Saint Stephens Episcopal School,6500 Saint Stephens Dr
491,2017-09-25,TX,Austin,St Andrews Episcopal School Visit,St Andrews Episcopal School,5901 Southwest Pkwy
492,2017-09-25,TX,Round Rock,Round Rock ISD 2017 College Fair,Round Rock High School,201 Deepwood Drive
493,2017-09-25,VA,Alexandria,Thomas Jefferson HS Sci/Tec,Thomas Jefferson HS Sci/Tec,6560 Braddock Rd
494,2017-09-25,VA,Mclean,Langley High,Langley High School,6520 Georgetown Pike
495,2017-09-26,CA,La Canada,Flintridge Sacred Heart Academy,Flintridge Sacred Heart Acad,440 Saint Katherine Dr
496,2017-09-26,CA,Pasadena,Agbu Vatche Tamar Manoukian High School,Agbu Vatche Tamar Manoukian HS,2495 E Mountain St
497,2017-09-26,CA,Pasadena,Pasadena High School,Pasadena High School,2925 E Sierra Madre Blvd
498,2017-09-26,CA,Pasadena,Sequoyah School,Sequoyah School,301 N Orange Grove Blvd
499,2017-09-26,CA,San Marino,San Marino High School,San Marino High School,2701 Huntington Dr
500,2017-09-26,GA,Chula,Tift Area Academy,Tift Area Academy,PO Box 10
501,2017-09-26,GA,Morrow,PROBE Clayton County Fair at Clayton State University,Clayton State University,2000 Clayton State Blvd
502,2017-09-26,GA,Ocilla,Irwin County High School,Irwin County High School,149 Chieftain Cir
503,2017-09-26,GA,Tifton,Tift County High School,Tift County High School,1 Blue Devil Way
504,2017-09-26,MD,Rockville,Col. Zadok Magruder HS,Colonel Zadok Magruder HS,5939 Muncaster Mill Rd
505,2017-09-26,MD,Rockville,Richard Montgomery HS,Richard Montgomery High School,250 Richard Montgomery Dr
506,2017-09-26,MD,Rockville,Thomas Sprigg Wooton HS,Thomas Sprigg Wootton High School,2100 Wootton Pkwy
507,2017-09-26,TN,Collierville,St. George's Independent School,St Georges Independent School,1880 Wolf River Blvd
508,2017-09-26,TN,Memphis,An Evening with Colleges 2017,Hutchison School,1740 Ridgeway Rd
509,2017-09-26,TN,Memphis,Lausanne Collegiate School Mini College Fair,Lausanne Collegiate School,1381 W Massey Rd
510,2017-09-26,TX,Austin,Hills of Austin College Fair @ Lake Travis High School,Lake Travis High School,3324 Ranch Road 620 S
511,2017-09-26,TX,Austin,Hills of Austin College Fair @ St. Michael's Catholic Academy,Saint Michaels Catholic Acad,3000 Barton Creek Blvd
512,2017-09-26,TX,Austin,Hills of Austin College Fair @ Westlake High School,Westlake High School,4100 Westbank Dr
513,2017-09-26,TX,Austin,Liberal Arts and Science Academy High School Visit,Liberal Arts and Science Academy,7309 Lazy Creek Dr
514,2017-09-26,VA,Arlington,Yorktown,Yorktown High School,5200 Yorktown Blvd
515,2017-09-27,CA,Newbury Park,CVUSD College & Career Information Night,Newbury Park High School,456 N Reino Rd
516,2017-09-27,GA,Adel,Cook High School,Cook High School,One Hornet Way\9900 Highway 37
517,2017-09-27,GA,Alpharetta,Mount Pisgah Christian School,Mount Pisgah Christian School,9820 Nesbit Ferry Rd
518,2017-09-27,GA,Fairburn,Landmark Christian School,Landmark Christian School,50 SE Broad St
519,2017-09-27,GA,Moultrie,Colquitt County High School,Colquitt County High School,1800 Park Ave SE
520,2017-09-27,GA,Roswell,Centennial High School,Centennial High School,9310 Scott Rd
521,2017-09-27,GA,Roswell,Fellowship Christian School,Fellowship Christian School,10965 Woodstock Rd
522,2017-09-27,NC,Charlotte,Myers Park High School,Myers Park High School,2400 Colony Rd
523,2017-09-27,TN,Germantown,Houston High School,Houston High School,9755 Wolf River Blvd
524,2017-09-27,TN,Memphis,Saint Agnes Academy,Saint Agnes Academy,4830 Walnut Grove Rd
525,2017-09-27,TN,Memphis,Saint Mary's Episcopal School,Saint Marys Episcopal School,60 Perkins Ext
526,2017-09-27,TX,Austin,Austin High School Visit,Stephen F Austin High School,1715 W Cesar Chavez St
527,2017-09-27,TX,Round Rock,Cedar Ridge High School Visit,Cedar Ridge High School,2801 Gattis School Rd
528,2017-09-28,CA,Irvine,Crean Lutheran High School College Fair,Crean Lutheran High School,12500 Sand Canyon Ave
529,2017-09-28,CA,Irvine,Northwood High School Visit,Northwood High School,4515 Portola Pkwy
530,2017-09-28,CA,Santa Ana,Foothill High School Visit,Foothill High School,19251 Dodge Ave
531,2017-09-28,CA,Tustin,Tustin High School,Tustin High School,1171 El Camino Real
532,2017-09-28,GA,Atlanta,North Springs & Riverwood College Night,Ridgeview Charter Middle School,5340 S Trimble Rd
533,2017-09-28,GA,East Point,Tri-Cities High School,Tri-Cities High School,2575 Harris St
534,2017-09-28,GA,Fairburn,Creekside High School,Creekside High School,7405 Herndon Rd
535,2017-09-28,GA,Hahira,Valwood School,Valwood School,4380 Old US 41 N
536,2017-09-28,GA,Hampton,Dutchtown High School Visit,Dutchtown High School,149 Mitchell Rd
537,2017-09-28,GA,Jonesboro,Mundy's Mill High School Visit,Mundys Mill High School,9652 Fayetteville Rd
538,2017-09-28,GA,Norcross,Meadowcreek High School Visit,Meadowcreek High School,4455 Steve Reynolds Blvd
539,2017-09-28,GA,Valdosta,Lowndes High School,Lowndes High School,1606 Norman Dr
540,2017-09-28,GA,Valdosta,Open Bible Christian School,Open Bible Christian School,3992 N Oak Street Ext
541,2017-09-28,MD,Annapolis,Annapolis HS,Annapolis Senior High School,2700 Riva Rd
542,2017-09-28,NC,Charlotte,Ardrey Kell High School,Ardrey Kell High School,10220 Ardrey Kell Rd
543,2017-09-28,NC,Charlotte,Charlotte Country Day School,Charlotte Country Day School,1440 Carmel Rd
544,2017-09-28,NC,Waxhaw,Marvin Ridge High School,Marvin Ridge High School,2825 Crane Rd
545,2017-09-28,TX,Dallas,Dallas Lutheran School Visit,Dallas Lutheran School,8494 Stults Rd
546,2017-09-28,TX,Dallas,Georgia Tech/UGA Workshop - Dallas,Saint Marks School Of Texas,10600 Preston Rd
547,2017-09-29,CA,Canyon Cntry,Canyon High School,Canyon High School,19300 Nadal St
548,2017-09-29,CA,Newhall,Hart High School,William S Hart High School,24825 Newhall Ave
549,2017-09-29,CA,Saugus,Saugus High School,Saugus High School,21900 Centurion Way
550,2017-09-29,GA,Ashburn,Turner County High School,Turner County High School,316 Lamar St
551,2017-09-29,GA,Atlanta,Westlake High School,Westlake High School,2400 Union Rd SW
552,2017-09-29,GA,College Park,Benjamin Banneker High School,Banneker High School,6015 Feldwood Rd
553,2017-09-29,GA,Fairburn,Langston Hughes High School,Langston Hughes High School,7510 Hall Rd
554,2017-09-29,GA,Hampton,Hampton High School Visit,Hampton High School,795 Hampton Locust Grove Rd
555,2017-09-29,GA,Mcdonough,Henry County High School Visit,Henry County High School,401 Tomlinson St
556,2017-09-29,GA,Mcdonough,Ola High School Visit,Ola High School,357 N Ola Rd
557,2017-09-29,GA,Nashville,Berrien High School,Berrien High School,500 E Smith Ave
558,2017-10-01,FL,St Petersburg,Bay Area Independent School (BAIS) 2017 College Fair,The Coliseum,535 4th Ave N
559,2017-10-01,NC,Durham,CACRAO - Durham Public Schools Fair,Northgate Mall,1058 W Club Blvd
560,2017-10-02,CA,Los Angeles,Windward School,Windward School,11350 Palms Blvd
561,2017-10-02,DC,Washington,Saint Albans School College Mini-Fair,Saint Albans School,"3001 Wisconsin Ave NW\Marriott Hall, Bradley Commons"
562,2017-10-02,FL,Dover,Strawberry Crest High School,Strawberry Crest High School,4691 Gallagher Rd
563,2017-10-02,FL,St Petersburg,Shorecrest Preparatory School,Shorecrest Preparatory School,5101 1st St NE
564,2017-10-02,FL,Tampa,C. Leon King High School,C Leon King High School,6815 N 56th St
565,2017-10-02,GA,Atlanta,Atlanta Girls School,Atlanta Girls School,3254 Northside Pkwy NW
566,2017-10-02,GA,Atlanta,Evening with UGA in Atlanta,The Loudermilk Conference Center,40 Courtland St NE
567,2017-10-02,GA,Atlanta,PROBE South Fulton Fair at Westlake High School,Westlake High School,2400 Union Rd SW
568,2017-10-02,GA,Atlanta,Saint Pius X Catholic High School,Saint Pius X Catholic High School,2674 Johnson Rd NE
569,2017-10-02,GA,Brookhaven,Marist School,Marist School,3790 Ashford Dunwoody Rd NE
570,2017-10-02,GA,Hampton,Lovejoy HS Visit,Lovejoy High School,1587 Mcdonough Rd
571,2017-10-02,GA,Jonesboro,Martha Stillwell School of the Arts Visit,Martha Ellen Stilwell School of the Arts,2580 Mount Zion Pkwy
572,2017-10-02,GA,Mcdonough,PROBE Henry County Fair at Henry County High School,Henry County High School,401 Tomlinson St
573,2017-10-02,GA,Sylvester,Worth County High School,Worth County High School,406 W King St
574,2017-10-02,MD,Olney,Our Lady of Good Counsel,Our Lady Of Good Counsel HS,17301 Old Vic Blvd
575,2017-10-02,NC,Greensboro,Early College at Guilford,Early College At Guilford,5608 W Friendly Ave
576,2017-10-02,NC,High Point,Westchester Country Day School,Westchester Country Day School,2045 N Old Greensboro Rd
577,2017-10-02,NC,Lewisville,Forsyth Country Day,Forsyth Country Day School,5501 Shallowford Rd
578,2017-10-02,NC,Winston Salem,CACRAO - Winston-Salem: Forsyth County Schools,M.C. Benton Jr. Convention Center,301 W 5th St
579,2017-10-02,NJ,Berkeley Hts,Governor Livingston High School College Fair,Governor Livingston HS,175 Watchung Blvd
580,2017-10-02,TN,Knoxville,2017 Knoxville Catholic High School College Fair,Knoxville Catholic High School,9245 Fox Lonas Rd
581,2017-10-02,TN,Knoxville,Webb School,Webb School Of Knoxville,9800 Webb School Ln
582,2017-10-02,TN,Oak Ridge,Oak Ridge High School College Fair,Oak Ridge High School,1450 Oak Ridge Tpke
583,2017-10-02,TX,Conroe,"Conroe, Montgomery and Willis ISD 2017 College Night",Lone Star Convention Center,9055 Airport Rd
584,2017-10-02,TX,Houston,Saint Agnes Academy Visit,Saint Agnes Academy,9000 Bellaire Blvd
585,2017-10-02,TX,Houston,Strake Jesuit School Visit,Strake Jesuit College Prep,8900 Bellaire Blvd
586,2017-10-02,TX,Houston,Stratford High School Visit,Stratford High School,14555 Fern Dr
587,2017-10-03,CA,Beverly Hills,Beverly Hills High School College Connections Fair,Beverly Hills High School,241 S Moreno Dr
588,2017-10-03,FL,Tampa,Academy Of The Holy Names,Academy Of The Holy Names,3319 Bayshore Bvld
589,2017-10-03,FL,Tampa,Berkeley Preparatory School,Berkeley Preparatory School,4811 Kelly Rd
590,2017-10-03,FL,Tampa,"Evening with UGA - Tampa, FL",Tampa Preparatory School,727 W Cass St
591,2017-10-03,FL,Tampa,H. B. Plant High School,H B Plant High School,2415 S Himes Ave
592,2017-10-03,FL,Tampa,Jesuit High School,Jesuit High School,4701 N Himes Ave
593,2017-10-03,FL,Tampa,T R Robinson High School,T R Robinson High School,6311 S Lois Ave
594,2017-10-03,GA,Atlanta,Benjamin E. Mays High School,Benjamin E Mays High School,3450 Benjamin E Mays Dr SW
595,2017-10-03,GA,Atlanta,D.M. Therrell High School,D M Therrell High School,3099 Panther Trl SW
596,2017-10-03,GA,Atlanta,KIPP Atlanta Collegiate HS,Kipp Atlanta Collegiate,98 Anderson Ave NW
597,2017-10-03,GA,Mcdonough,Eagle's Landing HS Visit,Eagles Landing High School,301 Tunis Rd
598,2017-10-03,GA,Mcdonough,Union Grove HS Visit,Union Grove High School,120 E Lake Rd
599,2017-10-03,GA,Stockbridge,Woodland High School Visit,Woodland High School,800 Moseley Dr
600,2017-10-03,GA,Thomasville,Brookwood School,Brookwood School,301 Cardinal Ridge Rd
601,2017-10-03,GA,Thomasville,Thomas County Central High School,Thomas County Central High School,4686 US Highway 84 Byp W
602,2017-10-03,GA,Thomasville,Thomasville High School,Thomasville High School,315 S Hansell St
603,2017-10-03,NC,Greensboro,CACRAO - Guilford County Schools,Greensboro Coliseum Complex,1921 W Gate City Blvd
604,2017-10-03,NC,Greensboro,Greensboro Day School,Greensboro Day School,5401 Lawndale Dr
605,2017-10-03,NC,Greensboro,Grimsley High School,Grimsley High School,801 Westover Ter
606,2017-10-03,NC,Greensboro,Page High School,Walter Hines Page High School,201 Alma Pinnix Dr
607,2017-10-03,NJ,Farmingdale,Howell High School,Howell High School,405 Squankum Yellowbrook Rd
608,2017-10-03,NJ,Manasquan,Manasquan High School's Post High School Education Night,Manasquan High School,167 Broad St
609,2017-10-03,NJ,Middletown,Middletown High School South,Middletown High School South,900 Nutswamp Rd
610,2017-10-03,NJ,Rumson,Rumson-Fair Haven High School,Rumson-Fair Haven Regional High School,74 Ridge Rd
611,2017-10-03,TN,Knoxville,Christian Academy,Christian Academy Of Knoxville,529 Academy Way
612,2017-10-03,TN,Knoxville,Farragut High School College Night,Farragut High School,11237 Kingston Pike
613,2017-10-03,TN,Knoxville,West High School,West High School,3300 Sutherland Ave
614,2017-10-03,TX,Houston,Lamar High School College Night,Mirabeau B Lamar Sr High Sch,3325 Westheimer Rd
615,2017-10-03,TX,The Woodlands,John Cooper School Visit,John Cooper School,1 John Cooper Dr
616,2017-10-03,TX,The Woodlands,The Woodlands at College Park,Woodlands College Park HS The,3701 College Park Dr
617,2017-10-03,TX,The Woodlands,The Woodlands High School Visit,Woodlands High School The,6101 Research Forest Dr
618,2017-10-03,VA,Mclean,Madeira School,Madeira School The,8328 Georgetown Pike
619,2017-10-03,VA,Mclean,The Potomac School,Potomac School,1301 Potomac School Rd
620,2017-10-04,CA,La Canada,St. Francis High School's Annual College Fair,Saint Francis High School,200 Foothill Blvd
621,2017-10-04,CA,Los Angeles,Loyola High School RACC Mini Fair,Loyola High School,1901 Venice Blvd
622,2017-10-04,DC,Washington,Georgetown Day School Mini College Fair,Georgetown Day School,4200 Davenport St NW
623,2017-10-04,FL,Lakewood Rch,Out Of Door Academy,Out Of Door Academy High Sch,5950 Deer Dr
624,2017-10-04,FL,Osprey,Pine View School,Pine View School,1 Python Path
625,2017-10-04,FL,Sarasota,Riverview High School,Riverview High School,1 Ram Way
626,2017-10-04,GA,Atlanta,Ben Franklin Academy,Ben Franklin Academy,1585 Clifton Rd NE
627,2017-10-04,GA,Atlanta,Booker T. Washington,Booker T Washington HS,45 Whitehouse Dr SW
628,2017-10-04,GA,Atlanta,Holy Spirit Preparatory School,Holy Spirit Preparatory School,4465 Northside Dr NW
629,2017-10-04,GA,Atlanta,South Atlanta High School,South Atlanta High School,800 Hutchens Rd SE
630,2017-10-04,GA,Bainbridge,Grace Christian Academy,Grace Christian Academy,1302 Lake Douglas Rd
631,2017-10-04,GA,Cairo,Cairo High School,Cairo High School,455 5th St SE
632,2017-10-04,GA,Donalsonville,Seminole County Middle/High School,Seminole Cty Middle/HS,5582 Highway 39
633,2017-10-04,GA,Hartwell,Hart County High School,Hart County High School,59 Fifth St
634,2017-10-04,GA,Marietta,Lassiter High School,Lassiter High School,2601 Shallowford Rd
635,2017-10-04,MD,Baltimore,Mount de Sales Academy & Mount Saint Joseph High School College Fair,Mount Saint Joseph High School,4403 Frederick Ave
636,2017-10-04,NC,Charlotte,Charlotte Latin School,Charlotte Latin School,9502 Providence Rd
637,2017-10-04,NC,Charlotte,Providence Day School,Providence Day School,5800 Sardis Rd
638,2017-10-04,NC,Charlotte,Providence High School,Providence High School,1800 Pineville Matthews Rd
639,2017-10-04,NC,Matthews,Weddington High School,Weddington High School,4901 Weddington Rd
640,2017-10-04,NJ,Lincroft,Christian Brothers Academy,Christian Brothers Academy,850 Newman Springs Rd
641,2017-10-04,NJ,Middletown,Mater Dei Prep High School,Mater Dei Prep,538 Church St
642,2017-10-04,NJ,Rumson,"Evening with UGA - Rumson, NJ",Rumson-Fair Haven Regional High School,74 Ridge Rd
643,2017-10-04,TN,Knoxville,Bearden High School,Bearden High School,8352 Kingston Pike
644,2017-10-04,TN,Knoxville,Webb School of Knoxville College Fair,Webb School Of Knoxville,9800 Webb School Ln
645,2017-10-04,TN,Maryville,Maryville High School,Maryville High School,825 Lawrence Ave
646,2017-10-04,TX,Bellaire,Episcopal School Visit,Episcopal High School,4650 Bissonnet St
647,2017-10-04,TX,Cypress,Cypress-Fairbanks ISD College Night@Berry Center,Richard E Berry Center,8877 Barker Cypress Rd
648,2017-10-04,TX,Houston,Kinkaid School Visit,Kinkaid School,201 Kinkaid School Dr
649,2017-10-04,TX,Houston,Saint John's School Visit,Saint John's School,2401 Claremont Ln
650,2017-10-05,CA,Rsm,Santa Margarita Catholic High School Annual College Fair,Santa Margarita Catholic HS,22062 Antonio Pkwy
651,2017-10-05,CA,Santa Ana,Nova Academy College & Career Fair,Nova Academy Early College HS,2609 W 5th St
652,2017-10-05,FL,Naples,Barron Collier High School,Barron Collier High School,5600 Cougar Dr
653,2017-10-05,FL,Naples,Community School of Naples,Community School Of Naples,13275 Livingston Rd
654,2017-10-05,FL,Naples,Seacrest Country Day School,Seacrest Country Day School,7100 Davis Blvd
655,2017-10-05,GA,Atlanta,Best Academy/Coretta Scott King Women's Leadership Academy,Coretta Scott King Womens High School,1190 Northwest Dr NW
656,2017-10-05,GA,Atlanta,Carver High School/Carver Early College Visit,Carver High School,55 Mcdonough Blvd SE
657,2017-10-05,GA,Atlanta,Frederick Douglass High School,Frederick Douglass High School,225 Hamilton E Holmes Dr NW
658,2017-10-05,GA,Bainbridge,Bainbridge High School,Bainbridge High School,1 Bearcat Blvd
659,2017-10-05,GA,Camilla,Westwood School,Westwood School,255 Fuller St
660,2017-10-05,MD,Severna Park,Severn School,Severn School,201 Water St
661,2017-10-05,MD,Severna Park,Severna Park HS,Severna Park Senior HS,60 Robinson Rd
662,2017-10-05,NC,Charlotte,CACRAO - Charlotte: Mecklenburg County Schools,Charlotte Convention Center,501 S College St
663,2017-10-05,NJ,Basking Ridge,Ridge High School,Ridge High School,268 S Finley Ave
664,2017-10-05,NJ,Little Silver,Red Bank Regional High School,Red Bank Regional High School,101 Ridge Rd
665,2017-10-05,NJ,Red Bank,Red Bank Catholic High School,Red Bank Catholic High School,112 Broad St
666,2017-10-05,NJ,West Orange,Seton Hall Preparatory School's College Representatives Night,Seton Hall Preparatory School,120 Northfield Ave
667,2017-10-05,TX,Addison,Greenhill High School Visit,Greenhill School,4141 Spring Valley Rd
668,2017-10-05,TX,Dallas,Episcopal School Of Dallas High School Visit,Episcopal School Of Dallas,4100 Merrell Rd
669,2017-10-05,TX,Dallas,Jesuit College Prep School Visit,Jesuit College Preparatory Sch,12345 Inwood Rd
670,2017-10-05,TX,Dallas,Parish Episcopal School Visit,Parish Episcopal School,4101 Sigma Rd
671,2017-10-06,FL,Jacksonville,Episcopal School of Jacksonville,Episcopal Schl Jacksonville,4455 Atlantic Blvd
672,2017-10-06,GA,Atlanta,The Westminster Schools,The Westminster Schools,1424 W Paces Ferry Rd NW
673,2017-10-06,GA,Blakely,Early County High School College Fair,Early County High School,12020 Columbia St
674,2017-10-06,GA,College Park,Woodward Academy,Woodward Academy,1662 Rugby Ave
675,2017-10-06,GA,Damascus,Southwest Georgia Academy,Southwest Georgia Academy,14105 Ga Highway 200
676,2017-10-06,GA,Norcross,Greater Atlanta Christian School,Greater Atlanta Christian School,1575 Indian Trail Rd
677,2017-10-06,NJ,Bridgewater,Bridgewater-Raritan Regional HS,Bridgewater-Raritan Rgnl HS,600 Garretson Rd
678,2017-10-06,NJ,Summit,Summit High School,Summit High School,125 Kent Place Blvd
679,2017-10-06,NJ,Westfield,Westfield High School,Westfield High School,550 Dorian Rd
680,2017-10-09,CA,Malibu,Malibu High School,Malibu High School,30215 Morning View Dr
681,2017-10-09,CA,Pacific Plsds,Palisades High School College Fair,Palisades Charter High School,15777 Bowdoin St
682,2017-10-09,CA,Santa Monica,Santa Monica High School,Santa Monica High School,601 Pico Blvd
683,2017-10-09,FL,Orlando,Timber Creek High School,Timber Creek High School,1001 Avalon Park South Blvd
684,2017-10-09,FL,Windermere,Windermere Preparatory School,Windermere Preparatory School,6189 Winter Garden Vineland Rd
685,2017-10-09,FL,Winter Garden,West Orange High School,West Orange High School,1625 Beulah Rd
686,2017-10-09,FL,Winter Park,Trinity Preparatory School,Trinity Preparatory School,5700 Trinity Prep Ln
687,2017-10-09,GA,Atlanta,Galloway School,Galloway School,215 W Wieuca Rd NW
688,2017-10-09,GA,Atlanta,Paideia School,Paideia School,1509 Ponce De Leon Ave NE
689,2017-10-09,GA,Richmond Hill,Richmond Hill High School,Richmond Hill High School,1 Wildcat Dr
690,2017-10-09,GA,Statesboro,Statesboro High School,Statesboro High School,10 Lester Rd
691,2017-10-09,MD,Kensington,Albert Einstein High School's 18th Annual College Fair,Albert Einstein High School,11135 Newport Mill Rd
692,2017-10-09,NJ,Hillsborough,Hillsborough High School,Hillsborough High School,466 Raider Blvd
693,2017-10-09,NJ,Monmouth Jct,South Brunswick High School,South Brunswick High School,750 Ridge Rd
694,2017-10-09,NJ,Monroe Twp,Monroe Township High School,Monroe Township High School,200 Schoolhouse Rd
695,2017-10-09,SC,Hartsville,,South Carolina Governor's School for Science and Mathematics,401 Railroad Ave
696,2017-10-09,TX,Houston,Westside High School College Fair,Westside High School,14201 Briar Forest Dr
697,2017-10-10,CA,Los Angeles,Immaculate Heart High School,Immaculate Heart High School,5515 Franklin Ave
698,2017-10-10,CA,Los Angeles,Marlborough High School,Marlborough School,250 S Rossmore Ave
699,2017-10-10,CA,Rosemead,Don Bosco Technical Institute College Fair,Don Bosco Technical Institute,1151 San Gabriel Blvd
700,2017-10-10,FL,Orlando,Bishop Moore High School,Bishop Moore High School,3901 Edgewater Dr
701,2017-10-10,FL,Orlando,Lake Highland Preparatory School,Lake Highland Preparatory Scho,901 Highland Ave
702,2017-10-10,FL,Orlando,William R Boone High School,William R Boone High School,1000 E Kaley St
703,2017-10-10,FL,Winter Park,Winter Park High School,Winter Park High School,2100 Summerfield Rd
704,2017-10-10,GA,Alpharetta,PROBE Atlanta North Fair at North Point Mall,North Point Mall,1000 N Point Cir
705,2017-10-10,GA,Dunwoody,Dunwoody High School,Dunwoody High School,5035 Vermack Rd
706,2017-10-10,GA,Jefferson,Jackson County Comprehensive High School,Jackson County Comprehensive High School,1668 Winder Hwy
707,2017-10-10,GA,Sandersville,Brentwood School,Brentwood School,725 Linton Rd
708,2017-10-10,GA,Sandy Springs,Riverwood International Charter,Riverwood International Charter School,5900 Raider Dr
709,2017-10-10,GA,Statesboro,Bulloch Academy,Bulloch Academy,873 Westside Rd
710,2017-10-10,NJ,Allendale,Northern Highlands Regional HS,Northern Highlands Regional HS,298 Hillside Ave
711,2017-10-10,NJ,Millburn,Millburn High School,Millburn High School,462 Millburn Ave
712,2017-10-10,NJ,Morristown,"Evening with UGA - Morristown, NJ",Morristown High School,50 Early St
713,2017-10-10,NJ,Randolph,Randolph High School,Randolph High School,511 Millbrook Ave
714,2017-10-10,TX,Houston,Emory Weiner High School Visit,Emery Weiner School,9825 Stella Link Rd
715,2017-10-10,TX,Houston,Memorial Senior High School Visit,Memorial Senior High School,935 Echo Ln
716,2017-10-10,TX,Houston,Spring Branch ISD College Night,Spring Woods Senior HS,2045 Gessner Rd
717,2017-10-10,VA,Fairfax,"VACRAO - George Mason University, Northern Virginia College Fair",George Mason University,4500 Patriot Circle\Eaglebank Arena
718,2017-10-11,CA,Brea,Brea Olinda High School,Brea Olinda High School,789 Wildcat Way
719,2017-10-11,CA,Corona,Santiago High School College Fair,Santiago High School,1395 Foothill Pkwy
720,2017-10-11,CA,Placentia,El Dorado High School,El Dorado High School,1651 Valencia Ave
721,2017-10-11,TX,Missouri City,Elkins High School Visit,Elkins High School,7007 Knights Ct
722,2017-10-11,VA,Alexandria,VACRAO - Episcopal High School College Fair,Episcopal High School,1200 N Quaker Ln\Flippin Field House
723,2017-10-12,CA,Newport Beach,Newport Harbor High School,Newport Harbor High School,600 Irvine Ave
724,2017-10-12,CA,Riverside,Martin Luther King High School,Martin Luther King High School,9301 Wood Rd
725,2017-10-12,CA,San Juan Capo,JSerra Catholic High School Annual College Fair,Jserra Catholic High School,26351 Junipero Serra Rd
726,2017-10-12,CA,San Juan Capo,Jserra Catholic HS Senior Essay Review,Jserra Catholic High School,26351 Junipero Serra Rd
727,2017-10-12,CO,Aurora,,Regis Jesuit High School Boys,6400 S Lewiston Way
728,2017-10-12,CO,Greenwood Vlg,,Cherry Creek High School,9300 E Union Ave
729,2017-10-12,FL,Jacksonville,Stanton College Preparatory School,Stanton College Prep School,1149 W 13th St
730,2017-10-12,FL,Jacksonville,The Bolles School,The Bolles School,7400 San Jose Blvd
731,2017-10-12,FL,Orange Park,Saint Johns Country Day School,Saint Johns Country Day School,3100 Doctors Lake Dr
732,2017-10-12,FL,Ponte Vedra,Ponte Vedra High School,Ponte Vedra High School,460 Davis Park Rd
733,2017-10-12,GA,Cumming,Pinecrest Academy,Pinecrest Academy,955 Peachtree Pwky
734,2017-10-12,GA,Cumming,PROBE Forsyth County Fair at Lanier Tech Conference Center,Forsyth Conference Center at Lanier Technical College,3410 Ronald Reagan Blvd
735,2017-10-12,GA,Mableton,Whitefield Academy,Whitefield Academy,1 Whitefield Dr SE
736,2017-10-12,GA,Marietta,PROBE Cobb County Fair at Marietta High School,Marietta High School,1171 Whitlock Ave SW
737,2017-10-12,GA,Suwanee,Lambert High School,Lambert High School,805 Nichols Rd
738,2017-10-12,IL,Highland Park,Highland Park High School,Highland Park High School,433 Vine Ave
739,2017-10-12,IL,Lincolnshire,Adlai Stevenson High School,Adlai E Stevenson High School,1 Stevenson Dr
740,2017-10-12,IL,Mt Prospect,Mt. Prospect High School,Prospect High School,801 W Kensington Rd
741,2017-10-12,TX,Houston,Duchesne High School Visit,Duchesne Academy Sacred Heart,10202 Memorial Dr
742,2017-10-12,TX,Houston,Houston Catholic High Schools 2017 College Fair,Strake Jesuit College Prep,8900 Bellaire Blvd
743,2017-10-12,TX,Sugar Land,Clements High School Visit,William P Clements High School,4200 Elkins Rd
744,2017-10-12,TX,Sugar Land,Dulles High School Visit,Dulles High School,550 Dulles Ave
745,2017-10-12,VA,Alexandria,St. Stephens and St Agnes,St Stephens and St Agnes School,1000 Saint Stephens Rd
746,2017-10-12,VA,Alexandria,TC Williams High School,T C Williams High School,3330 King St
747,2017-10-13,CA,Calabasas,Calabasas High School Essay Writing Workshop,Calabasas High School,22855 Mulholland Hwy
748,2017-10-13,FL,Ponte Vedra,Allen D Nease High School,Allen D Nease High School,10550 Ray Rd
749,2017-10-13,FL,Saint Johns,Bartram Trail High School,Bartram Trail High School,7399 Longleaf Pine Pkwy
750,2017-10-13,FL,St Augustine,St. Joseph Academy,Saint Joseph Academy,155 State Road 207
751,2017-10-13,IL,Hinsdale,Hinsdale High School,Hinsdale Central High School,55th And Grant  Rm #113
752,2017-10-13,IL,Hoffman Est,Hoffman Estates High School,Hoffman Estates High School,1100 W Higgins Rd
753,2017-10-13,IL,La Grange,Lyons Township High School,Lyons Township High School,100 S Brainard Ave
754,2017-10-13,IL,Palatine,WM Fremd High School,William Fremd High School,1000 S Quentin Rd
755,2017-10-14,FL,Jacksonville,NACAC Jacksonville National College Fair,Prime F. Osborn III Convention Center,1000 Water St
756,2017-10-14,IL,Chicago,NACAC Chicago National College Fair,McCormick Place,2301 S King Dr
757,2017-10-15,CA,El Segundo,Vistamar School Multicultural Student College Fair,Vistamar School,737 Hawaii St
758,2017-10-15,FL,Miami,AIMS (Association of Independent Miami Schools) College Fair,Hilton Miami Airport Hotel,5101 Blue Lagoon Dr
759,2017-10-15,VA,Fairfax,VACRAO - Fairfax County College Fair,Fair Oaks Mall,11750 Fair Oaks Mall
760,2017-10-16,CA,Anaheim,Tri-School College Night: Servite - Rosary - Connelly,Servite High School,1952 W La Palma Ave
761,2017-10-16,DE,Claymont,,Archmere Academy,3600 Philadelphia Pike
762,2017-10-16,FL,Davie,Nova High School,Nova High School,3600 College Ave
763,2017-10-16,FL,Ft Lauderdale,Pine Crest Invitational College Fair,Pine Crest School,1501 NE 62nd St
764,2017-10-16,FL,Parkland,Marjory Stoneman Douglas High School,Marjory Stoneman Douglas HS,5901 Pine Island Rd
765,2017-10-16,GA,Atlanta,Atlanta Jewish Academy,Atlanta Jewish Academy,3130 Raymond Dr
766,2017-10-16,GA,Atlanta,Lakeside High School's 2017 Fall College Fair,Lakeside High School,3801 Briarcliff Rd NE
767,2017-10-16,GA,Decatur,Decatur High School,Decatur High School,310 N Mcdonough St
768,2017-10-16,VA,Alexandria,VACRAO - Fairfax County College Night,Hayfield Secondary School,7630 Telegraph Rd
769,2017-10-17,CA,Huntingtn Bch,Huntington Beach High School,Huntington Beach High School,1905 Main St
770,2017-10-17,CA,Newport Beach,Corona Del Mar High School RACC Mini Fair,Corona Del Mar High School,2101 Eastbluff Dr
771,2017-10-17,CA,Newport Beach,Pacifica Christian Orange County High School,Pacifica Christian HS - Orange County,883 W 15th St
772,2017-10-17,FL,Boca Raton,Spanish River Community High School,Spanish River Community HS,5100 Jog Rd
773,2017-10-17,FL,Davie,NSU University School,University School Of Nsu,3375 SW 75th Ave
774,2017-10-17,FL,Plantation,"American Heritage School (Plantation, FL)",American Heritage School,12200 W Broward Blvd
775,2017-10-17,FL,Riviera Beach,Suncoast Community High School's 7th Annual College Fair,Suncoast Community High School,1717 Avenue S
776,2017-10-17,GA,Augusta,Westminster Schools Of Augusta,Westminster Schools Of Augusta,3067 Wheeler Rd
777,2017-10-17,GA,Bogart,North Oconee High School Dual Enrollment Parent Night,North Oconee High School,1081 Rocky Branch Rd
778,2017-10-17,GA,Commerce,East Jackson Comprehensive High School,East Jackson Comprehensive High School,1435 Hoods Mill Rd
779,2017-10-17,GA,Evans,Greenbrier High School,Greenbrier High School,5114 Riverwood Pkwy
780,2017-10-17,GA,Grovetown,Grovetown High School,Grovetown High School,2010 Warrior Way
781,2017-10-17,GA,Harlem,Harlem High School,Harlem High School,1070 Appling Harlem Rd
782,2017-10-17,GA,Winder,Apalachee High School,Apalachee High School,940 Haymon Morris Rd
783,2017-10-17,OH,Mason,Mason High School College Visit Night,William Mason High School,6100 S Mason Montgomery Rd
784,2017-10-18,CA,Costa Mesa,Newport-Mesa Unified School District's College & Career Night,OC Fair & Event Center,88 Fair Dr
785,2017-10-18,CA,Mission Viejo,Trabuco Hills High School,Trabuco Hills High School,27501 Mustang Run
786,2017-10-18,CA,Rcho Sta Marg,Tesoro High School RACC Mini Fair,Tesoro High School,1 Tesoro Creek Rd
787,2017-10-18,FL,West Palm Bch,Oxbridge Academy,Oxbridge Academy-Palm Beaches,3151 N Military Trl
788,2017-10-18,GA,Atlanta,The Weber School,The Weber School,6751 Roswell Rd
789,2017-10-18,GA,Greensboro,Lake Oconee Academy Junior/Senior College & Career Parent Night,Lake Oconee Academy,1021 Titan Cir
790,2017-10-18,GA,Johns Creek,Chattahoochee High School,Chattahoochee High School,5230 Taylor Rd
791,2017-10-18,GA,Savannah,Herschel Jenkins High School,Herschel Jenkins High School,1800 E De Renne Ave
792,2017-10-18,GA,Savannah,PROBE Savannah Fair at Oglethorpe Mall,Oglethorpe Mall,7804 Abercorn St
793,2017-10-18,GA,Savannah,Savannah Arts Academy,Savannah Arts Academy,500 Washington Ave
794,2017-10-18,GA,Savannah,Sol C Johnson High School,Sol C Johnson High School,3012 Sunset Blvd
795,2017-10-18,OH,Blue Ash,Ursuline Academy,Ursuline Academy,5535 Pfeiffer Rd
796,2017-10-18,OH,Cincinnati,Cincinnati Hills Christian Academy,Cincinnati Hills Chrstn Acad,11525 Snider Rd
797,2017-10-18,OH,Cincinnati,Indian Hill High School,Indian Hill High School,6845 Drake Rd
798,2017-10-18,OH,Loveland,Loveland,Loveland High School,1 Tiger Trl
799,2017-10-18,PA,Gibsonia,,Pine-Richland High School,700 Warrendale Rd
800,2017-10-18,VA,Fredericksbrg,VACRAO - King George High School College Fair,Spotsylvania Towne Centre,137 Spotsylvania Mall
801,2017-10-19,CA,San Diego,Canyon Crest Academy,Canyon Crest Academy,5951 E Village Center Loop Rd
802,2017-10-19,CA,San Diego,Cathedral Catholic College Fair,Cathedral Catholic H S,5555 Del Mar Heights Rd
803,2017-10-19,CA,San Diego,Del Norte High School,Del Norte High School,16601 Night Hawk Ln
804,2017-10-19,CA,San Diego,Rancho Bernardo High School,Rancho Bernardo High School,13010 Paseo Lucido
805,2017-10-19,CA,Solana Beach,Santa Fe Christian School,Santa Fe Christian School,838 Academy Dr
806,2017-10-19,GA,Flowery Br,Flowery Branch High School,Flowery Branch High School,6603 Spout Springs Rd
807,2017-10-19,GA,Gainesville,Robert W Johnson High School,Robert W Johnson High School,3305 Poplar Springs Rd
808,2017-10-19,GA,Guyton,South Effingham High School,South Effingham High School,1220 Noel C Conaway Rd
809,2017-10-19,GA,Savannah,Savannah Christian Prep Sch,Savannah Christian Prep Sch,1599 Chatham Pkwy
810,2017-10-19,GA,Springfield,Effingham County High School,Effingham County High School,1589 Highway 119 S
811,2017-10-19,OH,Columbus,Bishop Watterson High School,Bishop Watterson High School,99 E Cooke Rd
812,2017-10-19,OH,Dublin,Dublin Jerome High School,Dublin Jerome High School,8300 Hyland Croy Rd
813,2017-10-19,OH,New Albany,New Albany High School,New Albany High School,7600 Fodor Rd
814,2017-10-19,OH,Upper Arlngtn,Upper Arlington High School,Upper Arlington High School,1650 Ridgeview Rd
815,2017-10-19,TN,Chattanooga,Baylor School,Baylor School,171 Baylor School Rd
816,2017-10-19,TN,Chattanooga,Chattanooga Christian School Mini-Fair,Chattanooga Christian School,3354 Charger Dr
817,2017-10-19,TN,Chattanooga,Notre Dame High School,Notre Dame High School,2701 Vermont Ave
818,2017-10-19,TN,Ooltewah,East Hamilton High School,East Hamilton School,2015 Ooltewah Ringgold Rd
819,2017-10-20,CA,Carlsbad,La Costa Canyon High School,La Costa Canyon High School,1 Maverick Way
820,2017-10-20,CA,Carlsbad,Sage Creek High School Visit,Sage Creek High School,3900 Cannon Rd
821,2017-10-20,CA,San Diego,Torrey Pines High School,Torrey Pines High School,3710 Del Mar Heights Rd
822,2017-10-20,OH,Chagrin Falls,Chagrin Falls High School,Chagrin Falls High School,400 E Washington St
823,2017-10-20,OH,Hudson,Hudson High School,Hudson High School,2500 Hudson Aurora Rd
824,2017-10-20,OH,Kent,Theodore Roosevelt High School,Theodore Roosevelt High School,1400 N Mantua St
825,2017-10-20,OH,Solon,Solon High School,Solon High School,33600 Inwood Dr
826,2017-10-20,TX,Killeen,,Shoemaker High School Virtual Visit,3302 S Clear Creek Rd
827,2017-10-21,CA,San Diego,Explore Solutions' Fall College Showcase,Town and Country San Diego,500 Hotel Cir N
828,2017-10-21,GA,Athens,4H Weekend in the Classic City,Tate Student Center,45 Baxter St
829,2017-10-22,OH,Cincinnati,NACAC Cincinnati National College Fair,Duke Energy Convention Center,525 Elm St
830,2017-10-23,GA,Atlanta,Charles R Drew Charter,Charles R Drew Charter School,301 E Lake Blvd SE
831,2017-10-23,GA,Atlanta,UCAAN Information Session @ Ferst Center for the Arts,Georgia Institute of Technology (GA Tech),North Ave NW
832,2017-10-23,SC,Columbia,,Spring Valley High School,120 Sparkleberry Ln
833,2017-10-23,TX,Haslet,2017 Northwest ISD College and Career Fair,V.R. Eaton High School,1350 Eagle Blvd
834,2017-10-23,VA,Chesapeake,Chesapeake Public Schools Annual College Fair,Indian River High School,1969 Braves Trl
835,2017-10-24,CA,Azusa,Azusa High School/Azusa USD College Fair,Azusa High School,240 N Cerritos Ave
836,2017-10-24,DE,Wilmington,,Charter School Of Wilmington,100 N Dupont Rd Rm 322
837,2017-10-24,GA,Clarkston,Clarkston High School College Fair,Clarkston High School,618 N Indian Creek Dr
838,2017-10-24,GA,Lithonia,Arabia Mountain High School,Arabia Mountain High School,6610 Browns Mill Rd
839,2017-10-24,GA,Norman Park,PROBE - Colquitt County Fair,Colquitt County High School,105 Darbyshire Rd
840,2017-10-24,TX,Coppell,Coppell High School Visit,Coppell High School,185 W Parkway Blvd
841,2017-10-24,TX,Lucas,Lovejoy High School Visit,Lovejoy High School,2350 Estates Pkwy
842,2017-10-24,VA,Newport News,Hampton Roads Academy,Hampton Roads Academy,739 Academy Ln
843,2017-10-24,VA,Norfolk,Norfolk Collegiate,Norfolk Collegiate School,7336 Granby St
844,2017-10-24,VA,Suffolk,Nansemond-suffolk Academy,Nansemond-Suffolk Academy,3373 Pruden Blvd
845,2017-10-24,VA,Virginia Bch,Virginia Beach City Public School's College Information Program,Virginia Beach Convention Center,1000 19th St
846,2017-10-25,CA,Newport Coast,Sage Hill School,Sage Hill School,20402 Newport Coast Dr
847,2017-10-25,CA,San Juan Capo,JSerra Catholic High School,Jserra Catholic High School,26351 Junipero Serra Rd
848,2017-10-25,CA,San Juan Capo,San Juan Hills High School,San Juan Hills High School,29211 Stallion Rdg
849,2017-10-25,DE,Wilmington,,Salesianum School,1801 N Broom St
850,2017-10-25,GA,Decatur,Towers,Towers High School,3919 Brookcrest Cir
851,2017-10-25,GA,Kennesaw,Harrison High School,Harrison High School,4500 Due West Rd NW
852,2017-10-25,GA,Marietta,Wheeler High School,Wheeler High School,375 Holt Rd NE
853,2017-10-25,GA,Tifton,PROBE - Tift County Fair,Tift County High School,1 Blue Devil Way
854,2017-10-25,KY,Louisville,,Louisville Collegiate School,2427 Glenmary Ave
855,2017-10-25,MD,Annapolis,Broadneck High School College Fair,Broadneck High School,1265 Green Holly Dr
856,2017-10-25,TX,Fort Worth,TACRAO - R.L Paschal High School College Fair,Robert L Paschal High School,3001 Forest Park Blvd
857,2017-10-25,TX,Southlake,Carroll ISD College Fair@Carroll Sr. High School,Carroll Senior High School,1501 W Southlake Blvd
858,2017-10-26,CA,Santa Ana,Mater Dei High School,Mater Dei High School,1202 W Edinger Ave
859,2017-10-26,CA,Santa Ana,OC School of the Arts Fair,Orange County Sch Of The Arts,1010 N Main St
860,2017-10-26,CA,Yorba Linda,Placentia-Yorba Linda Unified School District (PYLUSD) College Fair,Yorba Linda Community Center,4501 Casa Loma Ave
861,2017-10-26,DC,Washington,British School,British School Of Washington,2001 Wisconsin Ave NW
862,2017-10-26,GA,Decatur,Columbia High School College Fair,Columbia,2106 Columbia Dr
863,2017-10-26,GA,Macon,College & Career Fest 2017: Pathways to Success,Anderson Conference Center,5171 Eisenhower Pkwy
864,2017-10-26,GA,Madison,Morgan County High School,Morgan County High School,1231 College Dr
865,2017-10-26,GA,Perry,Perry High School,Perry High School,1307 North Ave
866,2017-10-26,IL,Barrington,Barrington High School,Barrington Community High Schl,616 W Main St
867,2017-10-26,IL,Chicago,UCAAN Information Session,University Of Chicago,Mandel Hall\1131 E. 57th Street
868,2017-10-26,IL,Winnetka,New Trier Township High School,New Trier High School,385 Winnetka Ave
869,2017-10-26,OK,Edmond,Edmond North High School Visit,Edmond North High School,215 W Danforth Rd
870,2017-10-26,OK,Oklahoma City,Bishop Mcguinness High School Visit,Bishop Mcguinness High School,801 NW 50th St
871,2017-10-26,OK,Oklahoma City,Casady School Visit,Casady School,9500 N Pennsylvania Ave
872,2017-10-26,OK,Oklahoma City,Classen School of Advanced Studies Visit,Classen Sch Advanced Studies,1901 N Ellison Ave
873,2017-10-26,OK,Oklahoma City,Heritage Hall Visit,Heritage Hall,1800 NW 122nd St
874,2017-10-26,OK,Oklahoma City,Oklahoma School of Science and Math High School Visit,Oklahoma School Of Science And Mathematics,1141 N Lincoln Blvd
875,2017-10-26,PA,Kennett Sq,,Unionville High School,750 Unionville Rd
876,2017-10-27,GA,Dunwoody,DeKalb County School District College Fair,Georgia State University: Perimeter College - Dunwoody Campus,2101 Womack Rd
877,2017-10-27,GA,Macon,College & Career Fest 2017: Pathways to Success,Anderson Conference Center,5171 Eisenhower Pkwy
878,2017-10-27,IL,Aurora,Waubonsie Valley High School,Waubonsie Valley High School,2590 Ogden Ave
879,2017-10-27,IL,Glenview,Glenbrook South High School,Glenbrook South High School,4000 W Lake Ave
880,2017-10-27,IL,Lisle,Benet Academy,Benet Academy,2200 Maple Ave
881,2017-10-27,IL,Naperville,Naperville North High School,Naperville North High School,899 N Mill St
882,2017-10-27,OK,Tulsa,Bishop Kelly Visit,Bishop Kelley High School,3905 S Hudson Ave
883,2017-10-27,OK,Tulsa,Booker T Washington High School Visit,Booker T Washington HS,1514 E Zion St
884,2017-10-27,OK,Tulsa,Cascia Hall Preparatory School Visit,Cascia Hall Preparatory School,2520 S Yorktown Ave
885,2017-10-27,OK,Tulsa,Holland Hall School Visit,Holland Hall School,5666 E 81st St Uppr School
886,2017-10-30,CA,Mission Viejo,CUSD 2017 Fall College Fair@Capistrano Valley High School,Capistrano Valley High School,26301 Via Escolar
887,2017-10-30,SC,N Charleston,Charleston County Consolidated Afternoon Program - CACRAO,North Charleston Coliseum & Performing Arts Center,5001 Coliseum Dr
888,2017-10-30,SC,N Charleston,Charleston County Consolidated Morning Fair,North Charleston Coliseum & Performing Arts Center,5001 Coliseum Dr
889,2017-10-30,TX,Boerne,Boerne ISD TACRAO College Fair,Boerne Samuel V Champion HS,201 Charger Blvd
890,2017-10-30,TX,San Antonio,Ronald Reagan High School Visit,Ronald Reagan High School,19000 Ronald Reagan
891,2017-10-30,TX,San Antonio,Saint Mary's School Visit,Saint Marys Hall,9401 Starcrest Dr
892,2017-10-30,TX,San Antonio,TACRAO - Alamo Heights ISD College Fair,Alamo Heights High School,6900 Broadway St
893,2017-10-31,GA,Atlanta,,Atlanta International School,2890 N Fulton Dr NE
894,2017-10-31,SC,Charleston,James Island Charter High School,James Island Charter HS,1000 Fort Johnson Rd
895,2017-10-31,SC,Summerville,CACRAO - Ashley Ridge High School College Fair,Ashley Ridge High School,9800 Delemar Hwy
896,2017-10-31,SC,Summerville,Pinewood Preparatory School,Pinewood Preparatory School,1114 Orangeburg Rd
897,2017-11-01,CA,Long Beach,Long Beach USD College/Career Exploration Night,Calif St Univ Long Beach,Bh-123 Enrollment Sv\1250 Bellflower Blvd
898,2017-11-01,CA,Los Angeles,Notre Dame Academy Visit,Notre Dame Academy,2851 Overland Ave
899,2017-11-01,GA,Athens,Georgia Scholastic Press Association Fall Conference,Tate Student Center,45 Baxter St
900,2017-11-01,GA,Atlanta,,Georgia Cyber Academy,1745 Phoenix Blvd Ste 100
901,2017-11-01,GA,Augusta,Academy of Richmond County,Academy Of Richmond County,910 Russell St
902,2017-11-01,GA,Augusta,John S Davidson Fine Arts School,John S Davidson Fine Arts School,615 12th St
903,2017-11-01,GA,Conyers,Heritage HS Visit,Heritage High School,2400 Granade Rd SW
904,2017-11-01,GA,Conyers,Salem HS Visit,Salem High School,3551 Underwood Rd SE
905,2017-11-01,GA,Covington,PROBE Newton County Fair at Alcovy High School,Alcovy High School,14567 Highway 36
906,2017-11-01,GA,Evans,Lakeside High School,Lakeside High School,533 Blue Ridge Dr
907,2017-11-01,GA,Madison,PROBE Morgan County Fair at Morgan County High School,Morgan County High School,1231 College Dr
908,2017-11-01,GA,Martinez,Augusta Preparatory Day School,Augusta Preparatory Day School,285 Flowing Wells Rd
909,2017-11-01,MD,Baltimore,Kenwood High School's 10th Annual College Fair,Kenwood High,501 Stemmers Run Rd
910,2017-11-01,PA,Berwyn,,Conestoga High School,200 Irish Rd
911,2017-11-01,SC,Daniel Island,Bishop England High School,Bishop England High School,363 Seven Farms Dr
912,2017-11-01,SC,Mt Pleasant,CACRAO - Wando High School College Fair,Wando High School,1000 Warrior Way
913,2017-11-01,SC,Mt Pleasant,Wando High School,Wando High School,1000 Warrior Way
914,2017-11-02,CA,Aliso Viejo,Aliso Niguel High School,Aliso Niguel High School,28000 Wolverine Way
915,2017-11-02,CA,Downey,Downey Unifed School District College Fair,Warren High School,8141 De Palma St
916,2017-11-02,CA,Irvine,Tarbut V'Torah Upper School,Tarbut V Torah Comm Day School,5 Federation Way
917,2017-11-02,CA,Irvine,Woodbridge High School,Woodbridge High School,2 Meadowbrook
918,2017-11-02,CA,San Juan Capo,St. Margaret's Episcopal School,Saint Margarets Episcopal Sch,31641 La Novia Ave
919,2017-11-02,GA,Commerce,PROBE Jackson County Fair at East Jackson High School,East Jackson Comprehensive High School,1435 Hoods Mill Rd
920,2017-11-02,GA,Decatur,Southwest Dekalb,Southwest Dekalb High School,2863 Kelley Chapel Rd
921,2017-11-02,GA,Hampton,Dutchtown High School College Fair,Dutchtown High School,149 Mitchell Rd
922,2017-11-02,GA,Lawrenceville,Archer High School Visit,Archer High School,2255 New Hope Rd
923,2017-11-02,GA,Lawrenceville,Mountain View High School Visit,Mountain View High School,2351 Sunny Hill Rd
924,2017-11-02,GA,Lilburn,Parkview High School Visit,Parkview High School,998 Cole Dr SW
925,2017-11-02,GA,Locust Grove,Locust Grove High School Visit,Locust Grove High School,3275 S Ola Rd
926,2017-11-02,GA,Snellville,PROBE Gwinnett South Fair at Brookwood High School,Brookwood High School,1255 Dogwood Rd
927,2017-11-02,PA,Reading,,Berks Catholic High School,955 E Wyomissing Blvd
928,2017-11-02,SC,Charleston,Ashley Hall,Ashley Hall,172 Rutledge Ave
929,2017-11-02,SC,Charleston,Porter-Gaud School,Porter-Gaud School,300 Albemarle Rd
930,2017-11-02,SC,N Charleston,Academic Magnet School,Academic Magnet High School,5109A W Enterprise St
931,2017-11-03,GA,Athens,Family Symposium (Test),University of Georgia,102 Tate Student Center
932,2017-11-03,GA,Hoschton,Mill Creek High School Visit,Mill Creek High School,4400 Braselton Hwy
933,2017-11-03,GA,Suwanee,North Gwinnett High School Visit,North Gwinnett High School,20 Level Creek Rd
934,2017-11-06,CA,Los Angeles,New West Charter School,New West Charter School,1905 Armacost Ave
935,2017-11-06,CA,Tustin,Tustin Unified College Fair,Tustin High School,1171 El Camino Real
936,2017-11-06,PA,Pittsburgh,,Fox Chapel Area High School,611 Field Club Rd
937,2017-11-07,DE,Wilmington,,The Tatnall School,1501 Barley Mill Rd
938,2017-11-07,GA,Watkinsville,Oconee County Chamber of Commerce Scholarship Fair,Oconee County Civic Center,2661 Hog Mountain Rd
939,2017-11-07,PA,Villanova,,Academy Of Notre Dame De Namur,560 Sproul Rd
940,2017-11-08,CA,Fountain Vly,Fountain Valley High School College Fair,Fountain Valley High School,17816 Bushard St
941,2017-11-08,CA,Los Angeles,Marymount High School,Marymount High School,10643 W Sunset Blvd
942,2017-11-08,GA,Carnesville,Franklin County High School,Franklin County High School,6570 Highway 145
943,2017-11-08,GA,Danielsville,Madison County High School (MCHS) College & Career Fair,Madison County High School,600 Madison St
944,2017-11-08,KY,Lexington,,Lafayette Senior High School,401 Reed Ln
945,2017-11-09,CA,Burbank,John Burroughs High School RACC Mini Fair,John Burroughs High School,1920 W Clark Ave
946,2017-11-09,GA,Newnan,Newnan High School,Newnan High School,190 Lagrange St
947,2017-11-09,GA,Newnan,Northgate High School,Northgate High School,3220 Fisher Rd
948,2017-11-09,GA,Norcross,Norcross High School College Fair,Norcross High School,5300 Spalding Dr
949,2017-11-09,GA,Sharpsburg,East Coweta High School,East Coweta High School,400 Mccollum Sharpsburg Rd
950,2017-11-09,PA,Camp Hill,,Camp Hill High School,100 S 24th St
951,2017-11-09,SC,Greenville,,GREEN Charter School,211 Century Dr
952,2017-11-10,CA,Los Angeles,Brentwood School,Brentwood School,100 S Barrington Pl
953,2017-11-10,FL,Tampa,,Tampa Preparatory School,727 W Cass St
954,2017-11-10,GA,Douglasville,Douglas County High School,Douglas County High School,8705 Campbellton St
955,2017-11-10,GA,Douglasville,New Manchesters High School,New Manchester High School,4925 Highway 92/166
956,2017-11-10,KY,Louisville,,Sacred Heart Academy,3175 Lexington Rd
957,2017-11-12,VA,Norfolk,Norfolk Academy Workshop,Norfolk Academy,1585 Wesleyan Dr
958,2017-11-14,AZ,Goodyear,,BASIS Goodyear,15800 W Sherman St
959,2017-11-14,GA,Lithonia,"Martin Luther King, Jr. High School College and Career Day",Martin Luther King Jr High Sch,3991 Snapfinger Rd
960,2017-11-14,NC,Southern Pines,,The O'Neal School,3300 Airport Rd
961,2017-11-14,PA,Pittsburgh,,Mount Lebanon High School,155 Cochran Rd
962,2017-11-14,TX,Allen,Allen High School College Panel,Allen High School,300 Rivercrest Blvd
963,2017-11-15,GA,Marietta,Osborne High School Annual College & Military Fair,Robert L Osborne High School,2451 Favor Rd SW
964,2017-11-15,GA,Rincon,,Effingham College & Career Academy,2940 Georgia 21
965,2017-11-15,GA,Stone Mtn,Redan,Redan High School,5247 Redan Rd
966,2017-11-15,GA,Winder,Winder-Barrow High School College Admissions Panel,Winder-Barrow High School,272 N 5th Ave
967,2017-11-17,ID,Boise,,Boise High School,1010 W Washington St
968,2017-11-21,FL,Jacksonville,,Englewood High School,4412 Barnes Rd
969,2017-12-01,FL,Jacksonville,,Robert E. Lee High School,1200 Mcduff Ave S
970,2017-12-02,GA,Athens,Family Symposium,University of Georgia,102 Tate Student Center
971,2017-12-08,GA,Athens,Walnut Grove HS Student Steering Board / Leadership Program,University of Georgia J.W. Fanning Institute for Leadership,1240 S Lumpkin St
972,2017-12-13,DC,Washington,"Evening with UGA in Washington, DC",University of Georgia Delta Hall,608 Massachusetts Ave NE
973,2017-12-13,GA,Atlanta,Dr. Ronald McNair,Mcnair High School,1804 Bouldercrest Rd SE
